CustomerID,total_spend,avg_order_value,order_count,avg_quantity,avg_unit_price,avg_items_in_cart,coupon_usage_rate,bad_outcome_rate,product_diversity,recency_days,PaymentMethod_Cash,PaymentMethod_Credit Card,PaymentMethod_Debit Card,PaymentMethod_Gift Card,PaymentMethod_Online,ReferralSource_Email,ReferralSource_Facebook,ReferralSource_Google,ReferralSource_Instagram,ReferralSource_Referral,Product_Chair,Product_Desk,Product_Laptop,Product_Monitor,Product_Phone,Product_Printer,Product_Tablet,cluster
C10002,1470.03,1470.03,1,3.0,490.01,4.0,1.0,1.0,1,624,1.0,0.0,0.0,0.0,0.0,0.0,1.0,0.0,0.0,0.0,0.0,0.0,0.0,0.0,0.0,1.0,0.0,7
C10054,153.48,153.48,1,2.0,76.74,7.0,1.0,1.0,1,260,1.0,0.0,0.0,0.0,0.0,0.0,0.0,0.0,1.0,0.0,0.0,0.0,1.0,0.0,0.0,0.0,0.0,1
C10126,1349.8,1349.8,1,2.0,674.9,4.0,1.0,0.0,1,744,0.0,0.0,0.0,0.0,1.0,0.0,1.0,0.0,0.0,0.0,0.0,0.0,0.0,1.0,0.0,0.0,0.0,8
C10154,1303.04,1303.04,1,4.0,325.76,8.0,1.0,0.0,1,337,0.0,0.0,0.0,1.0,0.0,1.0,0.0,0.0,0.0,0.0,0.0,1.0,0.0,0.0,0.0,0.0,0.0,4
C10211,635.9,635.9,1,5.0,127.18,10.0,1.0,1.0,1,418,0.0,0.0,1.0,0.0,0.0,0.0,0.0,1.0,0.0,0.0,0.0,1.0,0.0,0.0,0.0,0.0,0.0,4
C10222,204.08,204.08,1,1.0,204.08,4.0,0.0,1.0,1,643,0.0,0.0,0.0,1.0,0.0,0.0,0.0,1.0,0.0,0.0,0.0,0.0,1.0,0.0,0.0,0.0,0.0,1
C10477,466.42,466.42,1,1.0,466.42,5.0,1.0,0.0,1,790,0.0,0.0,0.0,1.0,0.0,1.0,0.0,0.0,0.0,0.0,0.0,0.0,1.0,0.0,0.0,0.0,0.0,1
C10642,922.74,922.74,1,2.0,461.37,5.0,1.0,0.0,1,384,1.0,0.0,0.0,0.0,0.0,0.0,0.0,1.0,0.0,0.0,0.0,0.0,0.0,0.0,0.0,0.0,1.0,3
C10787,1099.28,1099.28,1,4.0,274.82,9.0,1.0,0.0,1,617,0.0,0.0,1.0,0.0,0.0,1.0,0.0,0.0,0.0,0.0,0.0,0.0,0.0,1.0,0.0,0.0,0.0,8
C10791,355.09,355.09,1,1.0,355.09,5.0,1.0,1.0,1,559,0.0,0.0,1.0,0.0,0.0,0.0,0.0,0.0,1.0,0.0,0.0,1.0,0.0,0.0,0.0,0.0,0.0,4
C10866,789.57,789.57,1,3.0,263.19,5.0,0.0,0.0,1,553,0.0,0.0,0.0,0.0,1.0,0.0,0.0,0.0,1.0,0.0,0.0,0.0,0.0,1.0,0.0,0.0,0.0,8
C10892,754.94,754.94,1,2.0,377.47,7.0,0.0,0.0,1,346,1.0,0.0,0.0,0.0,0.0,0.0,0.0,1.0,0.0,0.0,0.0,1.0,0.0,0.0,0.0,0.0,0.0,4
C11127,1306.65,1306.65,1,5.0,261.33,5.0,1.0,1.0,1,307,0.0,1.0,0.0,0.0,0.0,0.0,0.0,0.0,0.0,1.0,1.0,0.0,0.0,0.0,0.0,0.0,0.0,0
C11210,454.6,454.6,1,5.0,90.92,9.0,1.0,0.0,1,295,0.0,1.0,0.0,0.0,0.0,0.0,1.0,0.0,0.0,0.0,1.0,0.0,0.0,0.0,0.0,0.0,0.0,0
C11415,2876.2,2876.2,1,5.0,575.24,7.0,1.0,0.0,1,473,1.0,0.0,0.0,0.0,0.0,1.0,0.0,0.0,0.0,0.0,0.0,0.0,0.0,1.0,0.0,0.0,0.0,2
C11473,146.82,146.82,1,2.0,73.41,2.0,1.0,0.0,1,551,0.0,0.0,0.0,0.0,1.0,0.0,0.0,1.0,0.0,0.0,0.0,0.0,0.0,0.0,0.0,1.0,0.0,7
C11644,46.66,46.66,1,1.0,46.66,6.0,0.0,1.0,1,711,1.0,0.0,0.0,0.0,0.0,0.0,0.0,1.0,0.0,0.0,0.0,0.0,0.0,0.0,0.0,1.0,0.0,7
C11657,264.4,264.4,1,4.0,66.1,9.0,1.0,1.0,1,569,1.0,0.0,0.0,0.0,0.0,0.0,0.0,1.0,0.0,0.0,0.0,0.0,0.0,0.0,0.0,0.0,1.0,3
C11665,337.38,337.38,1,3.0,112.46,6.0,1.0,0.0,1,795,0.0,0.0,0.0,1.0,0.0,0.0,0.0,0.0,1.0,0.0,0.0,0.0,0.0,0.0,0.0,0.0,1.0,3
C11676,929.0,929.0,1,2.0,464.5,2.0,1.0,1.0,1,20,0.0,0.0,0.0,0.0,1.0,0.0,0.0,0.0,1.0,0.0,0.0,0.0,0.0,1.0,0.0,0.0,0.0,8
C11829,279.14,279.14,1,2.0,139.57,4.0,1.0,0.0,1,58,1.0,0.0,0.0,0.0,0.0,0.0,1.0,0.0,0.0,0.0,0.0,1.0,0.0,0.0,0.0,0.0,0.0,4
C11849,476.5,476.5,1,2.0,238.25,7.0,1.0,1.0,1,247,0.0,0.0,0.0,0.0,1.0,1.0,0.0,0.0,0.0,0.0,0.0,0.0,0.0,0.0,0.0,0.0,1.0,3
C11893,1582.0,1582.0,1,5.0,316.4,7.0,0.0,1.0,1,284,0.0,0.0,0.0,1.0,0.0,1.0,0.0,0.0,0.0,0.0,0.0,0.0,1.0,0.0,0.0,0.0,0.0,1
C11906,1237.59,1237.59,1,3.0,412.53,6.0,1.0,0.0,1,181,0.0,0.0,0.0,0.0,1.0,0.0,0.0,1.0,0.0,0.0,0.0,0.0,0.0,0.0,0.0,1.0,0.0,7
C11921,452.7,452.7,1,1.0,452.7,5.0,1.0,0.0,1,214,0.0,0.0,1.0,0.0,0.0,0.0,0.0,0.0,1.0,0.0,0.0,0.0,0.0,0.0,1.0,0.0,0.0,6
C11940,448.02,448.02,1,3.0,149.34,7.0,1.0,1.0,1,665,0.0,0.0,0.0,1.0,0.0,1.0,0.0,0.0,0.0,0.0,0.0,0.0,0.0,0.0,0.0,0.0,1.0,3
C11985,30.44,30.44,1,1.0,30.44,1.0,1.0,0.0,1,633,0.0,1.0,0.0,0.0,0.0,1.0,0.0,0.0,0.0,0.0,0.0,0.0,0.0,0.0,0.0,1.0,0.0,7
C11998,1495.98,1495.98,1,3.0,498.66,6.0,0.0,1.0,1,135,1.0,0.0,0.0,0.0,0.0,1.0,0.0,0.0,0.0,0.0,1.0,0.0,0.0,0.0,0.0,0.0,0.0,0
C12039,132.68,132.68,1,1.0,132.68,1.0,1.0,1.0,1,567,0.0,0.0,1.0,0.0,0.0,0.0,0.0,0.0,0.0,1.0,0.0,0.0,1.0,0.0,0.0,0.0,0.0,1
C12245,815.58,815.58,1,2.0,407.79,3.0,0.0,0.0,1,776,0.0,0.0,1.0,0.0,0.0,0.0,0.0,1.0,0.0,0.0,0.0,0.0,0.0,1.0,0.0,0.0,0.0,8
C12301,531.74,531.74,1,1.0,531.74,1.0,1.0,0.0,1,659,0.0,0.0,0.0,0.0,1.0,0.0,0.0,1.0,0.0,0.0,0.0,0.0,0.0,0.0,0.0,0.0,1.0,3
C12388,2683.6,2683.6,1,5.0,536.72,10.0,0.0,0.0,1,792,1.0,0.0,0.0,0.0,0.0,1.0,0.0,0.0,0.0,0.0,0.0,0.0,0.0,0.0,0.0,0.0,1.0,2
C12408,161.54,161.54,1,2.0,80.77,4.0,0.0,0.0,1,675,0.0,0.0,1.0,0.0,0.0,0.0,0.0,1.0,0.0,0.0,0.0,0.0,0.0,1.0,0.0,0.0,0.0,8
C12421,93.02,93.02,1,1.0,93.02,4.0,0.0,1.0,1,795,0.0,0.0,0.0,0.0,1.0,1.0,0.0,0.0,0.0,0.0,0.0,0.0,0.0,0.0,0.0,0.0,1.0,3
C12444,230.88,230.88,1,3.0,76.96,8.0,1.0,1.0,1,287,1.0,0.0,0.0,0.0,0.0,1.0,0.0,0.0,0.0,0.0,0.0,0.0,0.0,0.0,1.0,0.0,0.0,6
C12459,284.16,284.16,1,2.0,142.08,4.0,1.0,0.0,1,298,0.0,0.0,0.0,1.0,0.0,0.0,0.0,0.0,0.0,1.0,0.0,0.0,0.0,0.0,1.0,0.0,0.0,6
C12472,252.93,252.93,1,3.0,84.31,3.0,1.0,0.0,1,492,0.0,1.0,0.0,0.0,0.0,1.0,0.0,0.0,0.0,0.0,1.0,0.0,0.0,0.0,0.0,0.0,0.0,0
C12479,124.1,124.1,1,5.0,24.82,10.0,0.0,0.0,1,638,0.0,1.0,0.0,0.0,0.0,0.0,0.0,0.0,0.0,1.0,0.0,0.0,0.0,1.0,0.0,0.0,0.0,8
C12487,1427.07,1427.07,1,3.0,475.69,3.0,1.0,1.0,1,540,0.0,0.0,0.0,1.0,0.0,0.0,0.0,1.0,0.0,0.0,0.0,0.0,0.0,0.0,0.0,0.0,1.0,3
C12607,281.52,281.52,1,1.0,281.52,6.0,1.0,0.0,1,818,0.0,0.0,0.0,1.0,0.0,0.0,0.0,0.0,0.0,1.0,0.0,1.0,0.0,0.0,0.0,0.0,0.0,4
C12609,547.32,547.32,1,4.0,136.83,8.0,1.0,0.0,1,583,0.0,0.0,1.0,0.0,0.0,1.0,0.0,0.0,0.0,0.0,0.0,0.0,0.0,0.0,1.0,0.0,0.0,6
C12667,223.3,223.3,1,1.0,223.3,1.0,0.0,1.0,1,72,0.0,0.0,0.0,0.0,1.0,0.0,1.0,0.0,0.0,0.0,0.0,0.0,1.0,0.0,0.0,0.0,0.0,1
C12740,644.75,644.75,1,5.0,128.95,10.0,1.0,0.0,1,649,1.0,0.0,0.0,0.0,0.0,0.0,0.0,0.0,1.0,0.0,0.0,1.0,0.0,0.0,0.0,0.0,0.0,4
C12813,1462.7,1462.7,1,5.0,292.54,8.0,1.0,1.0,1,108,0.0,0.0,1.0,0.0,0.0,1.0,0.0,0.0,0.0,0.0,0.0,0.0,1.0,0.0,0.0,0.0,0.0,1
C12818,191.04,191.04,1,3.0,63.68,6.0,0.0,1.0,1,566,1.0,0.0,0.0,0.0,0.0,0.0,1.0,0.0,0.0,0.0,1.0,0.0,0.0,0.0,0.0,0.0,0.0,0
C13100,1177.64,1177.64,1,4.0,294.41,4.0,0.0,0.0,1,561,0.0,0.0,1.0,0.0,0.0,0.0,0.0,0.0,1.0,0.0,0.0,1.0,0.0,0.0,0.0,0.0,0.0,4
C13108,3293.85,3293.85,1,5.0,658.77,10.0,1.0,0.0,1,432,0.0,0.0,0.0,1.0,0.0,0.0,0.0,0.0,1.0,0.0,0.0,0.0,1.0,0.0,0.0,0.0,0.0,2
C13169,536.07,536.07,1,1.0,536.07,5.0,1.0,0.0,1,594,0.0,0.0,1.0,0.0,0.0,0.0,0.0,1.0,0.0,0.0,0.0,0.0,0.0,0.0,0.0,0.0,1.0,3
C13186,889.68,889.68,1,2.0,444.84,7.0,0.0,0.0,1,672,0.0,0.0,0.0,0.0,1.0,0.0,1.0,0.0,0.0,0.0,0.0,0.0,0.0,0.0,0.0,0.0,1.0,3
C13205,2107.1,2107.1,1,5.0,421.42,7.0,0.0,1.0,1,888,0.0,0.0,1.0,0.0,0.0,0.0,0.0,0.0,1.0,0.0,1.0,0.0,0.0,0.0,0.0,0.0,0.0,0
C13296,108.82,108.82,1,2.0,54.41,6.0,0.0,0.0,1,759,0.0,0.0,0.0,0.0,1.0,0.0,0.0,0.0,1.0,0.0,1.0,0.0,0.0,0.0,0.0,0.0,0.0,0
C13324,1199.48,1199.48,1,2.0,599.74,2.0,0.0,0.0,1,108,0.0,0.0,0.0,1.0,0.0,0.0,0.0,0.0,1.0,0.0,0.0,0.0,0.0,0.0,0.0,0.0,1.0,3
C13366,2714.2,2714.2,1,4.0,678.55,5.0,0.0,0.0,1,726,1.0,0.0,0.0,0.0,0.0,1.0,0.0,0.0,0.0,0.0,0.0,0.0,0.0,0.0,0.0,1.0,0.0,2
C13501,427.6,427.6,1,5.0,85.52,5.0,0.0,1.0,1,678,0.0,0.0,0.0,1.0,0.0,0.0,1.0,0.0,0.0,0.0,1.0,0.0,0.0,0.0,0.0,0.0,0.0,0
C13525,212.79,212.79,1,3.0,70.93,5.0,0.0,1.0,1,383,0.0,0.0,1.0,0.0,0.0,0.0,0.0,0.0,0.0,1.0,0.0,0.0,0.0,0.0,0.0,0.0,1.0,3
C13540,1239.64,1239.64,1,4.0,309.91,5.0,1.0,0.0,1,758,0.0,0.0,1.0,0.0,0.0,0.0,0.0,1.0,0.0,0.0,0.0,0.0,0.0,0.0,0.0,1.0,0.0,7
C13877,3384.9,3384.9,1,5.0,676.98,5.0,0.0,1.0,1,583,1.0,0.0,0.0,0.0,0.0,0.0,1.0,0.0,0.0,0.0,1.0,0.0,0.0,0.0,0.0,0.0,0.0,2
C13923,118.8,118.8,1,1.0,118.8,6.0,1.0,0.0,1,632,0.0,0.0,0.0,0.0,1.0,1.0,0.0,0.0,0.0,0.0,0.0,0.0,0.0,0.0,0.0,0.0,1.0,3
C14005,80.46,80.46,1,2.0,40.23,4.0,1.0,1.0,1,547,0.0,1.0,0.0,0.0,0.0,0.0,0.0,1.0,0.0,0.0,0.0,0.0,0.0,0.0,0.0,1.0,0.0,7
C14017,1248.32,1248.32,1,2.0,624.16,2.0,1.0,0.0,1,784,0.0,0.0,1.0,0.0,0.0,0.0,0.0,0.0,1.0,0.0,0.0,0.0,0.0,0.0,1.0,0.0,0.0,6
C14080,283.69,283.69,1,1.0,283.69,6.0,0.0,0.0,1,369,0.0,0.0,0.0,1.0,0.0,0.0,0.0,1.0,0.0,0.0,0.0,0.0,0.0,0.0,1.0,0.0,0.0,6
C14114,1704.06,1704.06,1,3.0,568.02,3.0,1.0,0.0,1,277,0.0,0.0,0.0,0.0,1.0,0.0,0.0,0.0,1.0,0.0,0.0,1.0,0.0,0.0,0.0,0.0,0.0,4
C14240,491.11,491.11,1,1.0,491.11,4.0,1.0,0.0,1,790,0.0,1.0,0.0,0.0,0.0,0.0,1.0,0.0,0.0,0.0,0.0,1.0,0.0,0.0,0.0,0.0,0.0,4
C14427,533.9,533.9,1,2.0,266.95,3.0,0.0,0.0,1,343,0.0,1.0,0.0,0.0,0.0,0.0,0.0,0.0,1.0,0.0,0.0,0.0,1.0,0.0,0.0,0.0,0.0,1
C14455,164.85,164.85,1,3.0,54.95,8.0,1.0,1.0,1,570,1.0,0.0,0.0,0.0,0.0,0.0,0.0,0.0,0.0,1.0,0.0,1.0,0.0,0.0,0.0,0.0,0.0,4
C14457,395.4,395.4,1,5.0,79.08,8.0,0.0,0.0,1,398,1.0,0.0,0.0,0.0,0.0,0.0,1.0,0.0,0.0,0.0,0.0,0.0,1.0,0.0,0.0,0.0,0.0,1
C14552,1120.0,1120.0,1,5.0,224.0,9.0,1.0,1.0,1,890,1.0,0.0,0.0,0.0,0.0,0.0,0.0,1.0,0.0,0.0,0.0,0.0,0.0,1.0,0.0,0.0,0.0,8
C14553,440.19,440.19,1,3.0,146.73,8.0,1.0,0.0,1,295,1.0,0.0,0.0,0.0,0.0,1.0,0.0,0.0,0.0,0.0,0.0,0.0,0.0,0.0,0.0,0.0,1.0,3
C14568,885.32,885.32,1,4.0,221.33,5.0,0.0,0.0,1,871,0.0,0.0,0.0,0.0,1.0,0.0,0.0,1.0,0.0,0.0,0.0,0.0,1.0,0.0,0.0,0.0,0.0,1
C14576,2156.8,2156.8,1,4.0,539.2,8.0,1.0,0.0,1,439,0.0,1.0,0.0,0.0,0.0,0.0,0.0,1.0,0.0,0.0,0.0,1.0,0.0,0.0,0.0,0.0,0.0,4
C14600,441.8,441.8,1,2.0,220.9,4.0,0.0,0.0,1,712,0.0,0.0,0.0,1.0,0.0,1.0,0.0,0.0,0.0,0.0,0.0,0.0,0.0,0.0,0.0,1.0,0.0,7
C14683,1069.34,1069.34,1,2.0,534.67,7.0,1.0,0.0,1,20,0.0,0.0,1.0,0.0,0.0,0.0,0.0,0.0,0.0,1.0,0.0,1.0,0.0,0.0,0.0,0.0,0.0,4
C14737,581.64,581.64,1,4.0,145.41,7.0,1.0,1.0,1,899,0.0,1.0,0.0,0.0,0.0,1.0,0.0,0.0,0.0,0.0,0.0,0.0,0.0,0.0,0.0,0.0,1.0,3
C14837,183.18,183.18,1,1.0,183.18,6.0,1.0,1.0,1,822,0.0,0.0,1.0,0.0,0.0,1.0,0.0,0.0,0.0,0.0,0.0,0.0,0.0,1.0,0.0,0.0,0.0,8
C14847,1097.81,548.905,2,2.5,256.78,4.0,0.5,0.0,2,194,0.5,0.0,0.5,0.0,0.0,0.5,0.5,0.0,0.0,0.0,0.0,0.0,0.5,0.5,0.0,0.0,0.0,5
C14891,1654.96,1654.96,1,4.0,413.74,7.0,1.0,1.0,1,465,0.0,0.0,0.0,1.0,0.0,0.0,0.0,0.0,1.0,0.0,1.0,0.0,0.0,0.0,0.0,0.0,0.0,0
C14983,17.24,17.24,1,1.0,17.24,2.0,1.0,0.0,1,720,0.0,0.0,0.0,0.0,1.0,0.0,0.0,0.0,1.0,0.0,0.0,0.0,0.0,0.0,0.0,0.0,1.0,3
C15017,675.57,675.57,1,1.0,675.57,1.0,1.0,0.0,1,60,1.0,0.0,0.0,0.0,0.0,0.0,1.0,0.0,0.0,0.0,0.0,0.0,0.0,0.0,0.0,0.0,1.0,3
C15063,426.1,426.1,1,5.0,85.22,7.0,1.0,1.0,1,428,0.0,1.0,0.0,0.0,0.0,1.0,0.0,0.0,0.0,0.0,1.0,0.0,0.0,0.0,0.0,0.0,0.0,0
C15146,190.55,190.55,1,5.0,38.11,6.0,1.0,1.0,1,684,0.0,0.0,1.0,0.0,0.0,0.0,0.0,0.0,1.0,0.0,0.0,0.0,1.0,0.0,0.0,0.0,0.0,1
C15228,1422.42,1422.42,1,3.0,474.14,8.0,1.0,0.0,1,498,0.0,0.0,0.0,1.0,0.0,0.0,0.0,1.0,0.0,0.0,0.0,0.0,0.0,0.0,0.0,0.0,1.0,3
C15257,580.2,580.2,1,4.0,145.05,6.0,1.0,0.0,1,102,0.0,0.0,0.0,0.0,1.0,0.0,0.0,1.0,0.0,0.0,1.0,0.0,0.0,0.0,0.0,0.0,0.0,0
C15283,381.02,381.02,1,1.0,381.02,6.0,0.0,0.0,1,584,1.0,0.0,0.0,0.0,0.0,0.0,0.0,1.0,0.0,0.0,0.0,0.0,0.0,0.0,0.0,1.0,0.0,7
C15624,3097.6,3097.6,1,5.0,619.52,9.0,0.0,0.0,1,161,0.0,0.0,1.0,0.0,0.0,1.0,0.0,0.0,0.0,0.0,0.0,0.0,0.0,0.0,0.0,0.0,1.0,2
C15629,912.45,912.45,1,3.0,304.15,3.0,1.0,0.0,1,807,0.0,0.0,0.0,1.0,0.0,0.0,0.0,0.0,1.0,0.0,0.0,0.0,0.0,0.0,0.0,1.0,0.0,7
C15681,2161.64,2161.64,1,4.0,540.41,6.0,0.0,1.0,1,679,0.0,1.0,0.0,0.0,0.0,0.0,0.0,0.0,0.0,1.0,0.0,0.0,1.0,0.0,0.0,0.0,0.0,1
C15849,525.43,525.43,1,1.0,525.43,2.0,1.0,1.0,1,190,1.0,0.0,0.0,0.0,0.0,0.0,0.0,0.0,1.0,0.0,1.0,0.0,0.0,0.0,0.0,0.0,0.0,0
C15924,245.89,245.89,1,1.0,245.89,3.0,1.0,0.0,1,194,0.0,0.0,1.0,0.0,0.0,0.0,0.0,1.0,0.0,0.0,0.0,0.0,1.0,0.0,0.0,0.0,0.0,1
C16012,630.82,630.82,1,1.0,630.82,5.0,1.0,0.0,1,95,0.0,0.0,0.0,0.0,1.0,0.0,0.0,1.0,0.0,0.0,0.0,0.0,0.0,0.0,0.0,0.0,1.0,3
C16253,399.4,399.4,1,2.0,199.7,4.0,0.0,0.0,1,8,1.0,0.0,0.0,0.0,0.0,1.0,0.0,0.0,0.0,0.0,0.0,0.0,1.0,0.0,0.0,0.0,0.0,1
C16400,628.44,628.44,1,3.0,209.48,4.0,0.0,0.0,1,266,0.0,0.0,1.0,0.0,0.0,1.0,0.0,0.0,0.0,0.0,0.0,0.0,1.0,0.0,0.0,0.0,0.0,1
C16429,679.65,679.65,1,1.0,679.65,6.0,1.0,0.0,1,462,0.0,0.0,1.0,0.0,0.0,0.0,0.0,1.0,0.0,0.0,0.0,1.0,0.0,0.0,0.0,0.0,0.0,4
C16612,600.54,600.54,1,1.0,600.54,4.0,1.0,0.0,1,104,0.0,0.0,1.0,0.0,0.0,0.0,0.0,1.0,0.0,0.0,0.0,1.0,0.0,0.0,0.0,0.0,0.0,4
C16675,857.4,857.4,1,4.0,214.35,7.0,1.0,1.0,1,22,0.0,0.0,1.0,0.0,0.0,0.0,0.0,0.0,0.0,1.0,0.0,0.0,0.0,0.0,0.0,1.0,0.0,7
C16693,949.72,949.72,1,4.0,237.43,8.0,1.0,1.0,1,146,1.0,0.0,0.0,0.0,0.0,0.0,0.0,0.0,0.0,1.0,0.0,0.0,0.0,1.0,0.0,0.0,0.0,8
C16702,1390.17,1390.17,1,3.0,463.39,3.0,0.0,1.0,1,674,0.0,1.0,0.0,0.0,0.0,0.0,1.0,0.0,0.0,0.0,0.0,0.0,0.0,1.0,0.0,0.0,0.0,8
C16758,188.31,188.31,1,3.0,62.77,6.0,1.0,0.0,1,242,0.0,0.0,0.0,1.0,0.0,0.0,0.0,0.0,0.0,1.0,0.0,0.0,0.0,0.0,0.0,0.0,1.0,3
C16775,3353.75,3353.75,1,5.0,670.75,8.0,1.0,0.0,1,827,0.0,0.0,0.0,1.0,0.0,0.0,0.0,0.0,1.0,0.0,0.0,0.0,0.0,0.0,0.0,1.0,0.0,2
C16776,320.0,320.0,1,2.0,160.0,4.0,1.0,0.0,1,666,1.0,0.0,0.0,0.0,0.0,0.0,0.0,0.0,1.0,0.0,0.0,0.0,1.0,0.0,0.0,0.0,0.0,1
C16790,258.96,258.96,1,4.0,64.74,8.0,1.0,1.0,1,815,0.0,0.0,0.0,1.0,0.0,0.0,0.0,1.0,0.0,0.0,0.0,0.0,1.0,0.0,0.0,0.0,0.0,1
C17075,1259.04,1259.04,1,4.0,314.76,8.0,0.0,0.0,1,341,0.0,0.0,0.0,0.0,1.0,0.0,0.0,0.0,1.0,0.0,0.0,0.0,0.0,0.0,0.0,0.0,1.0,3
C17103,1278.36,1278.36,1,3.0,426.12,5.0,1.0,0.0,1,543,0.0,0.0,0.0,0.0,1.0,0.0,0.0,0.0,1.0,0.0,0.0,0.0,0.0,0.0,0.0,1.0,0.0,7
C17132,386.03,386.03,1,1.0,386.03,4.0,1.0,0.0,1,206,0.0,0.0,0.0,0.0,1.0,0.0,0.0,1.0,0.0,0.0,0.0,1.0,0.0,0.0,0.0,0.0,0.0,4
C17136,641.96,641.96,1,4.0,160.49,8.0,1.0,0.0,1,706,0.0,1.0,0.0,0.0,0.0,0.0,0.0,0.0,0.0,1.0,1.0,0.0,0.0,0.0,0.0,0.0,0.0,0
C17181,2276.65,2276.65,1,5.0,455.33,8.0,1.0,1.0,1,126,0.0,1.0,0.0,0.0,0.0,0.0,0.0,1.0,0.0,0.0,0.0,0.0,0.0,0.0,0.0,1.0,0.0,2
C17269,1733.8,1733.8,1,4.0,433.45,4.0,0.0,1.0,1,790,0.0,0.0,0.0,1.0,0.0,0.0,1.0,0.0,0.0,0.0,0.0,0.0,0.0,1.0,0.0,0.0,0.0,8
C17302,359.99,359.99,1,1.0,359.99,5.0,1.0,1.0,1,707,0.0,0.0,0.0,1.0,0.0,1.0,0.0,0.0,0.0,0.0,0.0,0.0,0.0,0.0,1.0,0.0,0.0,6
C17388,317.25,317.25,1,1.0,317.25,1.0,1.0,1.0,1,507,0.0,0.0,1.0,0.0,0.0,0.0,1.0,0.0,0.0,0.0,1.0,0.0,0.0,0.0,0.0,0.0,0.0,0
C17389,522.08,522.08,1,1.0,522.08,5.0,1.0,1.0,1,233,0.0,0.0,0.0,1.0,0.0,0.0,0.0,0.0,0.0,1.0,0.0,0.0,0.0,1.0,0.0,0.0,0.0,8
C17470,461.9,461.9,1,2.0,230.95,3.0,1.0,0.0,1,244,0.0,0.0,0.0,0.0,1.0,0.0,0.0,0.0,0.0,1.0,0.0,0.0,1.0,0.0,0.0,0.0,0.0,1
C17551,518.39,518.39,1,1.0,518.39,4.0,1.0,0.0,1,79,0.0,0.0,1.0,0.0,0.0,0.0,0.0,0.0,1.0,0.0,0.0,0.0,1.0,0.0,0.0,0.0,0.0,1
C17591,479.76,479.76,1,1.0,479.76,1.0,0.0,0.0,1,641,0.0,1.0,0.0,0.0,0.0,1.0,0.0,0.0,0.0,0.0,0.0,0.0,0.0,0.0,0.0,0.0,1.0,3
C17921,1210.6,1210.6,1,4.0,302.65,8.0,1.0,1.0,1,862,0.0,1.0,0.0,0.0,0.0,0.0,0.0,0.0,0.0,1.0,0.0,1.0,0.0,0.0,0.0,0.0,0.0,4
C17966,185.74,185.74,1,2.0,92.87,5.0,1.0,0.0,1,623,0.0,1.0,0.0,0.0,0.0,0.0,1.0,0.0,0.0,0.0,0.0,0.0,0.0,0.0,0.0,1.0,0.0,7
C18037,140.68,140.68,1,2.0,70.34,3.0,1.0,1.0,1,846,0.0,0.0,0.0,1.0,0.0,1.0,0.0,0.0,0.0,0.0,0.0,0.0,1.0,0.0,0.0,0.0,0.0,1
C18076,1766.22,1766.22,1,3.0,588.74,8.0,1.0,0.0,1,578,0.0,0.0,1.0,0.0,0.0,1.0,0.0,0.0,0.0,0.0,0.0,0.0,0.0,0.0,1.0,0.0,0.0,6
C18104,635.9,635.9,1,5.0,127.18,9.0,1.0,1.0,1,228,1.0,0.0,0.0,0.0,0.0,0.0,0.0,0.0,0.0,1.0,1.0,0.0,0.0,0.0,0.0,0.0,0.0,0
C18105,2332.08,2332.08,1,4.0,583.02,4.0,1.0,0.0,1,249,0.0,0.0,0.0,0.0,1.0,0.0,1.0,0.0,0.0,0.0,0.0,0.0,1.0,0.0,0.0,0.0,0.0,1
C18138,1618.38,1618.38,1,3.0,539.46,4.0,1.0,0.0,1,817,0.0,1.0,0.0,0.0,0.0,0.0,1.0,0.0,0.0,0.0,0.0,0.0,0.0,0.0,0.0,1.0,0.0,7
C18167,887.84,887.84,1,4.0,221.96,7.0,0.0,0.0,1,471,1.0,0.0,0.0,0.0,0.0,0.0,0.0,1.0,0.0,0.0,0.0,1.0,0.0,0.0,0.0,0.0,0.0,4
C18169,929.84,929.84,1,2.0,464.92,2.0,0.0,1.0,1,59,0.0,0.0,1.0,0.0,0.0,0.0,1.0,0.0,0.0,0.0,0.0,0.0,0.0,0.0,0.0,0.0,1.0,3
C18187,605.28,605.28,1,1.0,605.28,3.0,1.0,0.0,1,225,0.0,0.0,0.0,1.0,0.0,0.0,0.0,0.0,0.0,1.0,0.0,0.0,1.0,0.0,0.0,0.0,0.0,1
C18353,1299.99,1299.99,1,3.0,433.33,4.0,1.0,1.0,1,28,0.0,1.0,0.0,0.0,0.0,0.0,0.0,0.0,0.0,1.0,0.0,0.0,0.0,0.0,0.0,0.0,1.0,3
C18404,3370.2,3370.2,1,5.0,674.04,7.0,1.0,1.0,1,854,0.0,0.0,0.0,0.0,1.0,0.0,0.0,1.0,0.0,0.0,0.0,0.0,0.0,0.0,0.0,0.0,1.0,2
C18473,840.58,840.58,1,2.0,420.29,3.0,1.0,1.0,1,17,0.0,0.0,0.0,1.0,0.0,0.0,0.0,1.0,0.0,0.0,1.0,0.0,0.0,0.0,0.0,0.0,0.0,0
C18567,365.84,365.84,1,4.0,91.46,9.0,1.0,1.0,1,647,1.0,0.0,0.0,0.0,0.0,0.0,0.0,0.0,0.0,1.0,0.0,0.0,0.0,0.0,0.0,1.0,0.0,7
C18583,1822.1,1822.1,1,5.0,364.42,10.0,1.0,1.0,1,681,0.0,1.0,0.0,0.0,0.0,0.0,0.0,0.0,0.0,1.0,0.0,0.0,0.0,0.0,1.0,0.0,0.0,6
C18717,2793.15,2793.15,1,5.0,558.63,8.0,1.0,0.0,1,828,1.0,0.0,0.0,0.0,0.0,0.0,0.0,0.0,0.0,1.0,0.0,0.0,0.0,0.0,0.0,1.0,0.0,2
C18724,616.1,616.1,1,1.0,616.1,6.0,0.0,1.0,1,387,1.0,0.0,0.0,0.0,0.0,1.0,0.0,0.0,0.0,0.0,1.0,0.0,0.0,0.0,0.0,0.0,0.0,0
C18820,2573.0,2573.0,1,5.0,514.6,10.0,1.0,0.0,1,750,0.0,0.0,0.0,1.0,0.0,0.0,0.0,0.0,1.0,0.0,0.0,0.0,0.0,1.0,0.0,0.0,0.0,2
C18826,1443.3,1443.3,1,3.0,481.1,3.0,1.0,1.0,1,672,0.0,1.0,0.0,0.0,0.0,0.0,1.0,0.0,0.0,0.0,0.0,0.0,0.0,1.0,0.0,0.0,0.0,8
C18944,1575.2,1575.2,1,4.0,393.8,7.0,1.0,0.0,1,893,0.0,1.0,0.0,0.0,0.0,1.0,0.0,0.0,0.0,0.0,1.0,0.0,0.0,0.0,0.0,0.0,0.0,0
C18984,1767.9,1767.9,1,3.0,589.3,6.0,1.0,1.0,1,453,0.0,1.0,0.0,0.0,0.0,0.0,0.0,0.0,0.0,1.0,0.0,0.0,0.0,0.0,0.0,0.0,1.0,3
C19071,1352.94,1352.94,1,3.0,450.98,8.0,1.0,0.0,1,127,0.0,1.0,0.0,0.0,0.0,0.0,0.0,0.0,0.0,1.0,0.0,0.0,0.0,0.0,0.0,0.0,1.0,3
C19266,442.17,442.17,1,3.0,147.39,3.0,0.0,1.0,1,850,0.0,0.0,1.0,0.0,0.0,1.0,0.0,0.0,0.0,0.0,0.0,1.0,0.0,0.0,0.0,0.0,0.0,4
C19368,646.44,646.44,1,2.0,323.22,7.0,0.0,0.0,1,74,0.0,1.0,0.0,0.0,0.0,0.0,0.0,0.0,1.0,0.0,0.0,0.0,0.0,0.0,0.0,0.0,1.0,3
C19384,351.16,351.16,1,4.0,87.79,6.0,1.0,1.0,1,555,1.0,0.0,0.0,0.0,0.0,0.0,0.0,0.0,1.0,0.0,0.0,0.0,0.0,0.0,0.0,0.0,1.0,3
C19402,1204.68,1204.68,1,4.0,301.17,6.0,0.0,1.0,1,560,0.0,0.0,0.0,0.0,1.0,1.0,0.0,0.0,0.0,0.0,0.0,0.0,0.0,0.0,0.0,1.0,0.0,7
C19439,440.34,440.34,1,1.0,440.34,2.0,1.0,0.0,1,26,0.0,0.0,0.0,1.0,0.0,0.0,1.0,0.0,0.0,0.0,0.0,1.0,0.0,0.0,0.0,0.0,0.0,4
C19451,2357.76,2357.76,1,4.0,589.44,5.0,0.0,1.0,1,191,0.0,0.0,0.0,1.0,0.0,0.0,1.0,0.0,0.0,0.0,0.0,0.0,0.0,0.0,0.0,0.0,1.0,2
C19648,2673.44,2673.44,1,4.0,668.36,5.0,1.0,1.0,1,284,0.0,0.0,0.0,1.0,0.0,0.0,1.0,0.0,0.0,0.0,0.0,0.0,0.0,0.0,1.0,0.0,0.0,2
C19722,596.24,596.24,1,1.0,596.24,4.0,1.0,1.0,1,396,0.0,1.0,0.0,0.0,0.0,0.0,0.0,0.0,1.0,0.0,0.0,0.0,1.0,0.0,0.0,0.0,0.0,1
C19742,332.09,332.09,1,1.0,332.09,5.0,1.0,1.0,1,657,0.0,0.0,0.0,1.0,0.0,0.0,0.0,0.0,1.0,0.0,0.0,0.0,0.0,0.0,0.0,0.0,1.0,3
C19759,1176.6,1176.6,1,2.0,588.3,2.0,1.0,0.0,1,180,0.0,0.0,0.0,0.0,1.0,1.0,0.0,0.0,0.0,0.0,1.0,0.0,0.0,0.0,0.0,0.0,0.0,0
C19937,438.34,438.34,1,1.0,438.34,5.0,1.0,1.0,1,36,0.0,0.0,0.0,1.0,0.0,0.0,1.0,0.0,0.0,0.0,0.0,0.0,0.0,0.0,0.0,1.0,0.0,7
C20077,2372.88,2372.88,1,4.0,593.22,8.0,1.0,1.0,1,482,0.0,1.0,0.0,0.0,0.0,0.0,1.0,0.0,0.0,0.0,0.0,0.0,0.0,1.0,0.0,0.0,0.0,2
C20095,1325.06,1325.06,1,2.0,662.53,5.0,0.0,1.0,1,484,0.0,0.0,0.0,0.0,1.0,0.0,1.0,0.0,0.0,0.0,0.0,0.0,0.0,1.0,0.0,0.0,0.0,8
C20124,177.46,177.46,1,2.0,88.73,5.0,0.0,0.0,1,561,0.0,0.0,0.0,0.0,1.0,0.0,0.0,1.0,0.0,0.0,0.0,0.0,0.0,0.0,0.0,1.0,0.0,7
C20212,1834.35,1834.35,1,3.0,611.45,4.0,1.0,0.0,1,574,0.0,0.0,0.0,1.0,0.0,0.0,0.0,0.0,1.0,0.0,0.0,0.0,0.0,1.0,0.0,0.0,0.0,8
C20256,1616.22,1616.22,1,3.0,538.74,6.0,1.0,0.0,1,202,0.0,0.0,0.0,0.0,1.0,1.0,0.0,0.0,0.0,0.0,0.0,0.0,0.0,0.0,0.0,0.0,1.0,3
C20257,1343.9,1343.9,1,5.0,268.78,7.0,1.0,0.0,1,550,0.0,0.0,1.0,0.0,0.0,1.0,0.0,0.0,0.0,0.0,0.0,0.0,0.0,0.0,0.0,0.0,1.0,3
C20286,571.9,571.9,1,1.0,571.9,1.0,1.0,0.0,1,288,0.0,0.0,0.0,1.0,0.0,0.0,0.0,0.0,1.0,0.0,0.0,0.0,0.0,1.0,0.0,0.0,0.0,8
C20338,370.85,370.85,1,1.0,370.85,2.0,1.0,0.0,1,189,0.0,0.0,0.0,1.0,0.0,0.0,0.0,0.0,0.0,1.0,0.0,0.0,0.0,1.0,0.0,0.0,0.0,8
C20357,2077.32,2077.32,1,3.0,692.44,8.0,1.0,1.0,1,384,0.0,0.0,1.0,0.0,0.0,0.0,0.0,1.0,0.0,0.0,0.0,0.0,0.0,0.0,1.0,0.0,0.0,6
C20448,296.44,296.44,1,2.0,148.22,7.0,1.0,0.0,1,686,0.0,1.0,0.0,0.0,0.0,0.0,0.0,0.0,1.0,0.0,0.0,0.0,0.0,0.0,0.0,0.0,1.0,3
C20512,2763.12,2763.12,1,4.0,690.78,9.0,0.0,0.0,1,713,0.0,1.0,0.0,0.0,0.0,0.0,0.0,0.0,0.0,1.0,0.0,0.0,1.0,0.0,0.0,0.0,0.0,2
C20624,479.56,479.56,1,1.0,479.56,1.0,1.0,1.0,1,108,0.0,0.0,0.0,1.0,0.0,0.0,0.0,1.0,0.0,0.0,0.0,0.0,0.0,0.0,1.0,0.0,0.0,6
C20643,2011.96,2011.96,1,4.0,502.99,4.0,1.0,0.0,1,501,0.0,0.0,1.0,0.0,0.0,0.0,0.0,0.0,0.0,1.0,0.0,0.0,1.0,0.0,0.0,0.0,0.0,1
C20670,935.82,935.82,1,2.0,467.91,5.0,1.0,1.0,1,448,0.0,0.0,0.0,1.0,0.0,0.0,1.0,0.0,0.0,0.0,0.0,0.0,0.0,0.0,0.0,1.0,0.0,7
C20731,1777.76,1777.76,1,4.0,444.44,8.0,1.0,1.0,1,774,0.0,0.0,1.0,0.0,0.0,0.0,0.0,1.0,0.0,0.0,0.0,0.0,0.0,0.0,0.0,1.0,0.0,7
C20752,572.13,572.13,1,1.0,572.13,4.0,1.0,1.0,1,557,0.0,0.0,1.0,0.0,0.0,0.0,0.0,1.0,0.0,0.0,0.0,0.0,0.0,0.0,0.0,1.0,0.0,7
C20817,3078.35,3078.35,1,5.0,615.67,6.0,1.0,0.0,1,777,0.0,0.0,0.0,0.0,1.0,1.0,0.0,0.0,0.0,0.0,1.0,0.0,0.0,0.0,0.0,0.0,0.0,2
C20861,2441.75,2441.75,1,5.0,488.35,9.0,1.0,1.0,1,43,0.0,0.0,1.0,0.0,0.0,1.0,0.0,0.0,0.0,0.0,0.0,0.0,0.0,0.0,1.0,0.0,0.0,2
C20881,1288.1,1288.1,1,2.0,644.05,5.0,1.0,1.0,1,714,0.0,0.0,0.0,1.0,0.0,0.0,0.0,0.0,0.0,1.0,0.0,0.0,1.0,0.0,0.0,0.0,0.0,1
C20977,1740.48,1740.48,1,4.0,435.12,9.0,1.0,0.0,1,751,0.0,1.0,0.0,0.0,0.0,0.0,0.0,0.0,1.0,0.0,1.0,0.0,0.0,0.0,0.0,0.0,0.0,0
C21043,694.5,694.5,1,1.0,694.5,3.0,1.0,0.0,1,348,0.0,1.0,0.0,0.0,0.0,0.0,1.0,0.0,0.0,0.0,0.0,0.0,0.0,0.0,1.0,0.0,0.0,6
C21126,107.04,107.04,1,1.0,107.04,6.0,1.0,1.0,1,376,0.0,1.0,0.0,0.0,0.0,0.0,0.0,1.0,0.0,0.0,0.0,1.0,0.0,0.0,0.0,0.0,0.0,4
C21147,335.1,335.1,1,1.0,335.1,6.0,1.0,0.0,1,746,0.0,0.0,1.0,0.0,0.0,0.0,0.0,0.0,0.0,1.0,1.0,0.0,0.0,0.0,0.0,0.0,0.0,0
C21167,2235.6,2235.6,1,4.0,558.9,9.0,1.0,0.0,1,871,0.0,0.0,0.0,1.0,0.0,0.0,0.0,1.0,0.0,0.0,0.0,0.0,0.0,1.0,0.0,0.0,0.0,2
C21181,1350.2,1350.2,1,2.0,675.1,4.0,1.0,0.0,1,450,1.0,0.0,0.0,0.0,0.0,0.0,0.0,1.0,0.0,0.0,0.0,0.0,0.0,0.0,0.0,0.0,1.0,3
C21191,647.77,323.885,2,1.5,243.39499999999998,2.0,1.0,0.0,2,46,0.0,0.5,0.5,0.0,0.0,0.0,0.0,0.0,0.0,1.0,0.0,0.0,0.5,0.0,0.5,0.0,0.0,5
C21227,590.87,590.87,1,1.0,590.87,6.0,1.0,1.0,1,874,0.0,0.0,0.0,1.0,0.0,0.0,0.0,0.0,0.0,1.0,1.0,0.0,0.0,0.0,0.0,0.0,0.0,0
C21437,222.73,222.73,1,1.0,222.73,4.0,0.0,1.0,1,417,0.0,0.0,0.0,0.0,1.0,0.0,0.0,1.0,0.0,0.0,0.0,0.0,0.0,0.0,1.0,0.0,0.0,6
C21665,1700.72,1700.72,1,4.0,425.18,8.0,1.0,1.0,1,640,0.0,0.0,0.0,0.0,1.0,0.0,1.0,0.0,0.0,0.0,1.0,0.0,0.0,0.0,0.0,0.0,0.0,0
C21905,298.06,298.06,1,1.0,298.06,3.0,1.0,0.0,1,558,0.0,0.0,1.0,0.0,0.0,0.0,0.0,1.0,0.0,0.0,0.0,0.0,0.0,0.0,0.0,0.0,1.0,3
C21944,297.75,297.75,1,5.0,59.55,6.0,0.0,0.0,1,482,0.0,0.0,0.0,0.0,1.0,0.0,0.0,0.0,0.0,1.0,0.0,0.0,1.0,0.0,0.0,0.0,0.0,1
C21953,250.46,250.46,1,2.0,125.23,3.0,1.0,1.0,1,285,1.0,0.0,0.0,0.0,0.0,1.0,0.0,0.0,0.0,0.0,0.0,0.0,1.0,0.0,0.0,0.0,0.0,1
C22101,265.2,265.2,1,2.0,132.6,4.0,1.0,1.0,1,840,0.0,0.0,1.0,0.0,0.0,1.0,0.0,0.0,0.0,0.0,1.0,0.0,0.0,0.0,0.0,0.0,0.0,0
C22123,672.89,672.89,1,1.0,672.89,1.0,1.0,0.0,1,646,0.0,1.0,0.0,0.0,0.0,1.0,0.0,0.0,0.0,0.0,0.0,0.0,0.0,0.0,0.0,0.0,1.0,3
C22167,2178.3,2178.3,1,5.0,435.66,9.0,0.0,0.0,1,681,0.0,0.0,0.0,0.0,1.0,0.0,1.0,0.0,0.0,0.0,0.0,0.0,0.0,0.0,0.0,0.0,1.0,2
C22429,604.8,604.8,1,4.0,151.2,9.0,1.0,0.0,1,730,0.0,0.0,0.0,1.0,0.0,0.0,1.0,0.0,0.0,0.0,1.0,0.0,0.0,0.0,0.0,0.0,0.0,0
C22534,529.19,529.19,1,1.0,529.19,5.0,0.0,1.0,1,893,1.0,0.0,0.0,0.0,0.0,0.0,0.0,0.0,0.0,1.0,1.0,0.0,0.0,0.0,0.0,0.0,0.0,0
C22657,1901.91,1901.91,1,3.0,633.97,7.0,1.0,0.0,1,551,1.0,0.0,0.0,0.0,0.0,0.0,1.0,0.0,0.0,0.0,0.0,0.0,0.0,0.0,0.0,1.0,0.0,2
C22783,2771.64,2771.64,1,4.0,692.91,9.0,1.0,0.0,1,293,0.0,1.0,0.0,0.0,0.0,0.0,0.0,0.0,1.0,0.0,0.0,0.0,0.0,0.0,1.0,0.0,0.0,2
C22919,195.86,195.86,1,1.0,195.86,3.0,0.0,0.0,1,52,0.0,0.0,0.0,0.0,1.0,0.0,1.0,0.0,0.0,0.0,0.0,0.0,0.0,0.0,0.0,0.0,1.0,3
C22981,472.2,472.2,1,3.0,157.4,7.0,1.0,1.0,1,442,0.0,0.0,1.0,0.0,0.0,1.0,0.0,0.0,0.0,0.0,0.0,1.0,0.0,0.0,0.0,0.0,0.0,4
C22991,252.68,252.68,1,1.0,252.68,1.0,0.0,1.0,1,92,0.0,0.0,0.0,0.0,1.0,0.0,0.0,0.0,0.0,1.0,0.0,0.0,0.0,0.0,1.0,0.0,0.0,6
C23279,87.34,87.34,1,2.0,43.67,4.0,1.0,1.0,1,707,1.0,0.0,0.0,0.0,0.0,0.0,0.0,0.0,1.0,0.0,0.0,0.0,0.0,1.0,0.0,0.0,0.0,8
C23334,331.06,331.06,1,1.0,331.06,5.0,1.0,0.0,1,411,0.0,1.0,0.0,0.0,0.0,0.0,0.0,0.0,1.0,0.0,0.0,0.0,0.0,0.0,0.0,0.0,1.0,3
C23405,2780.4,2780.4,1,4.0,695.1,8.0,0.0,1.0,1,312,0.0,0.0,1.0,0.0,0.0,1.0,0.0,0.0,0.0,0.0,0.0,0.0,0.0,0.0,1.0,0.0,0.0,2
C23555,1633.44,1633.44,1,4.0,408.36,4.0,1.0,1.0,1,624,0.0,0.0,0.0,1.0,0.0,0.0,0.0,0.0,0.0,1.0,0.0,1.0,0.0,0.0,0.0,0.0,0.0,4
C23637,553.56,553.56,1,1.0,553.56,5.0,0.0,1.0,1,762,0.0,1.0,0.0,0.0,0.0,0.0,0.0,0.0,0.0,1.0,0.0,0.0,0.0,0.0,0.0,0.0,1.0,3
C23899,1358.45,1358.45,1,5.0,271.69,7.0,1.0,1.0,1,97,0.0,0.0,0.0,0.0,1.0,0.0,0.0,0.0,1.0,0.0,0.0,1.0,0.0,0.0,0.0,0.0,0.0,4
C23917,127.55,127.55,1,1.0,127.55,3.0,1.0,0.0,1,796,1.0,0.0,0.0,0.0,0.0,0.0,0.0,0.0,0.0,1.0,0.0,0.0,0.0,0.0,0.0,1.0,0.0,7
C23947,120.98,120.98,1,1.0,120.98,6.0,1.0,0.0,1,775,0.0,0.0,1.0,0.0,0.0,1.0,0.0,0.0,0.0,0.0,0.0,0.0,1.0,0.0,0.0,0.0,0.0,1
C23978,576.35,576.35,1,1.0,576.35,1.0,1.0,1.0,1,274,0.0,0.0,0.0,1.0,0.0,0.0,0.0,0.0,1.0,0.0,0.0,0.0,0.0,1.0,0.0,0.0,0.0,8
C24047,937.8,937.8,1,4.0,234.45,9.0,1.0,1.0,1,787,0.0,0.0,0.0,0.0,1.0,0.0,0.0,0.0,1.0,0.0,0.0,0.0,0.0,1.0,0.0,0.0,0.0,8
C24212,322.08,322.08,1,3.0,107.36,5.0,1.0,0.0,1,632,0.0,0.0,0.0,1.0,0.0,0.0,0.0,1.0,0.0,0.0,0.0,0.0,0.0,0.0,1.0,0.0,0.0,6
C24301,1284.08,1284.08,1,2.0,642.04,4.0,1.0,0.0,1,248,0.0,0.0,0.0,1.0,0.0,1.0,0.0,0.0,0.0,0.0,0.0,0.0,0.0,0.0,1.0,0.0,0.0,6
C24347,646.9,646.9,1,2.0,323.45,5.0,1.0,1.0,1,135,0.0,1.0,0.0,0.0,0.0,0.0,0.0,0.0,1.0,0.0,0.0,0.0,1.0,0.0,0.0,0.0,0.0,1
C24369,1079.19,1079.19,1,3.0,359.73,7.0,1.0,1.0,1,475,0.0,0.0,1.0,0.0,0.0,1.0,0.0,0.0,0.0,0.0,0.0,0.0,1.0,0.0,0.0,0.0,0.0,1
C24751,2506.3,2506.3,1,5.0,501.26,10.0,1.0,0.0,1,572,0.0,0.0,0.0,1.0,0.0,0.0,0.0,0.0,0.0,1.0,0.0,0.0,0.0,0.0,0.0,0.0,1.0,2
C24765,719.72,719.72,1,2.0,359.86,4.0,0.0,1.0,1,362,0.0,0.0,1.0,0.0,0.0,0.0,0.0,0.0,0.0,1.0,0.0,1.0,0.0,0.0,0.0,0.0,0.0,4
C24769,57.1,57.1,1,2.0,28.55,7.0,1.0,0.0,1,604,0.0,0.0,0.0,1.0,0.0,1.0,0.0,0.0,0.0,0.0,0.0,0.0,1.0,0.0,0.0,0.0,0.0,1
C24884,260.26,260.26,1,1.0,260.26,5.0,1.0,0.0,1,344,0.0,0.0,0.0,0.0,1.0,0.0,0.0,0.0,1.0,0.0,0.0,0.0,0.0,1.0,0.0,0.0,0.0,8
C24901,299.7,299.7,1,3.0,99.9,8.0,1.0,0.0,1,788,1.0,0.0,0.0,0.0,0.0,0.0,1.0,0.0,0.0,0.0,1.0,0.0,0.0,0.0,0.0,0.0,0.0,0
C25110,126.42,126.42,1,2.0,63.21,4.0,1.0,1.0,1,1,0.0,0.0,0.0,0.0,1.0,0.0,0.0,1.0,0.0,0.0,0.0,0.0,0.0,0.0,0.0,0.0,1.0,3
C25123,629.21,629.21,1,1.0,629.21,2.0,1.0,0.0,1,767,0.0,0.0,0.0,1.0,0.0,0.0,0.0,0.0,1.0,0.0,0.0,1.0,0.0,0.0,0.0,0.0,0.0,4
C25149,1054.48,1054.48,1,4.0,263.62,5.0,1.0,0.0,1,641,1.0,0.0,0.0,0.0,0.0,1.0,0.0,0.0,0.0,0.0,0.0,0.0,0.0,0.0,0.0,0.0,1.0,3
C25162,688.36,688.36,1,2.0,344.18,7.0,0.0,0.0,1,600,0.0,1.0,0.0,0.0,0.0,0.0,0.0,0.0,0.0,1.0,0.0,0.0,0.0,0.0,0.0,0.0,1.0,3
C25268,665.11,665.11,1,1.0,665.11,3.0,1.0,0.0,1,119,1.0,0.0,0.0,0.0,0.0,0.0,0.0,0.0,1.0,0.0,0.0,0.0,0.0,0.0,0.0,1.0,0.0,7
C25276,3313.9,3313.9,1,5.0,662.78,9.0,1.0,0.0,1,767,0.0,0.0,1.0,0.0,0.0,0.0,0.0,0.0,1.0,0.0,0.0,0.0,1.0,0.0,0.0,0.0,0.0,2
C25316,79.06,79.06,1,2.0,39.53,3.0,1.0,0.0,1,369,0.0,1.0,0.0,0.0,0.0,0.0,0.0,1.0,0.0,0.0,0.0,0.0,0.0,0.0,0.0,1.0,0.0,7
C25382,454.35,454.35,1,5.0,90.87,5.0,0.0,0.0,1,738,1.0,0.0,0.0,0.0,0.0,0.0,0.0,0.0,1.0,0.0,0.0,0.0,0.0,0.0,1.0,0.0,0.0,6
C25406,161.24,161.24,1,1.0,161.24,3.0,1.0,0.0,1,195,0.0,1.0,0.0,0.0,0.0,0.0,0.0,0.0,1.0,0.0,0.0,1.0,0.0,0.0,0.0,0.0,0.0,4
C25445,658.5,658.5,1,5.0,131.7,8.0,1.0,0.0,1,153,1.0,0.0,0.0,0.0,0.0,0.0,0.0,1.0,0.0,0.0,0.0,0.0,1.0,0.0,0.0,0.0,0.0,1
C25503,211.14,211.14,1,2.0,105.57,5.0,1.0,1.0,1,566,0.0,0.0,1.0,0.0,0.0,0.0,0.0,1.0,0.0,0.0,0.0,0.0,0.0,0.0,1.0,0.0,0.0,6
C25534,984.2,984.2,1,5.0,196.84,5.0,1.0,0.0,1,890,0.0,1.0,0.0,0.0,0.0,0.0,0.0,0.0,1.0,0.0,0.0,1.0,0.0,0.0,0.0,0.0,0.0,4
C25580,1563.36,1563.36,1,4.0,390.84,9.0,1.0,1.0,1,852,0.0,1.0,0.0,0.0,0.0,0.0,0.0,0.0,0.0,1.0,0.0,0.0,0.0,0.0,1.0,0.0,0.0,6
C25587,48.4,48.4,1,4.0,12.1,8.0,0.0,1.0,1,204,0.0,0.0,1.0,0.0,0.0,0.0,0.0,1.0,0.0,0.0,0.0,0.0,0.0,0.0,0.0,1.0,0.0,7
C25783,1253.4,1253.4,1,5.0,250.68,8.0,1.0,0.0,1,101,1.0,0.0,0.0,0.0,0.0,0.0,0.0,0.0,1.0,0.0,0.0,1.0,0.0,0.0,0.0,0.0,0.0,4
C25841,904.65,904.65,1,3.0,301.55,5.0,1.0,0.0,1,398,0.0,0.0,1.0,0.0,0.0,0.0,0.0,1.0,0.0,0.0,0.0,0.0,0.0,1.0,0.0,0.0,0.0,8
C25918,666.95,666.95,1,5.0,133.39,6.0,1.0,0.0,1,698,0.0,1.0,0.0,0.0,0.0,0.0,0.0,0.0,0.0,1.0,0.0,0.0,1.0,0.0,0.0,0.0,0.0,1
C25967,1709.8,1709.8,1,5.0,341.96,6.0,0.0,0.0,1,532,0.0,0.0,1.0,0.0,0.0,1.0,0.0,0.0,0.0,0.0,0.0,0.0,0.0,0.0,0.0,0.0,1.0,3
C26118,144.78,144.78,1,2.0,72.39,7.0,1.0,0.0,1,828,0.0,0.0,0.0,0.0,1.0,0.0,0.0,0.0,1.0,0.0,0.0,0.0,1.0,0.0,0.0,0.0,0.0,1
C26137,856.18,856.18,1,2.0,428.09,6.0,0.0,1.0,1,111,0.0,1.0,0.0,0.0,0.0,0.0,0.0,0.0,1.0,0.0,0.0,0.0,0.0,0.0,0.0,0.0,1.0,3
C26152,972.7,972.7,1,2.0,486.35,6.0,1.0,0.0,1,382,0.0,0.0,0.0,0.0,1.0,0.0,0.0,0.0,0.0,1.0,0.0,0.0,0.0,0.0,1.0,0.0,0.0,6
C26163,625.1,625.1,1,5.0,125.02,9.0,1.0,0.0,1,363,0.0,0.0,1.0,0.0,0.0,0.0,0.0,1.0,0.0,0.0,0.0,1.0,0.0,0.0,0.0,0.0,0.0,4
C26188,618.68,618.68,1,1.0,618.68,6.0,1.0,0.0,1,803,0.0,0.0,0.0,0.0,1.0,0.0,0.0,0.0,0.0,1.0,1.0,0.0,0.0,0.0,0.0,0.0,0.0,0
C26210,1334.25,1334.25,1,3.0,444.75,6.0,1.0,0.0,1,582,1.0,0.0,0.0,0.0,0.0,0.0,1.0,0.0,0.0,0.0,0.0,0.0,1.0,0.0,0.0,0.0,0.0,1
C26223,657.07,657.07,1,1.0,657.07,4.0,1.0,0.0,1,270,1.0,0.0,0.0,0.0,0.0,0.0,0.0,1.0,0.0,0.0,0.0,0.0,0.0,0.0,0.0,0.0,1.0,3
C26340,369.2,369.2,1,2.0,184.6,7.0,1.0,0.0,1,475,0.0,0.0,0.0,1.0,0.0,1.0,0.0,0.0,0.0,0.0,0.0,1.0,0.0,0.0,0.0,0.0,0.0,4
C26364,1314.24,1314.24,1,4.0,328.56,4.0,1.0,1.0,1,807,0.0,0.0,1.0,0.0,0.0,1.0,0.0,0.0,0.0,0.0,0.0,0.0,1.0,0.0,0.0,0.0,0.0,1
C26445,1500.24,1500.24,1,3.0,500.08,6.0,0.0,1.0,1,732,0.0,0.0,1.0,0.0,0.0,0.0,1.0,0.0,0.0,0.0,1.0,0.0,0.0,0.0,0.0,0.0,0.0,0
C26637,869.8,869.8,1,5.0,173.96,8.0,1.0,0.0,1,670,0.0,0.0,1.0,0.0,0.0,0.0,0.0,0.0,1.0,0.0,1.0,0.0,0.0,0.0,0.0,0.0,0.0,0
C26718,1052.36,1052.36,1,4.0,263.09,8.0,1.0,0.0,1,152,0.0,0.0,1.0,0.0,0.0,0.0,0.0,1.0,0.0,0.0,0.0,0.0,0.0,0.0,0.0,1.0,0.0,7
C26767,303.6,303.6,1,1.0,303.6,5.0,1.0,0.0,1,691,1.0,0.0,0.0,0.0,0.0,0.0,1.0,0.0,0.0,0.0,0.0,0.0,0.0,0.0,0.0,1.0,0.0,7
C26817,268.56,268.56,1,2.0,134.28,2.0,0.0,1.0,1,90,0.0,0.0,0.0,1.0,0.0,1.0,0.0,0.0,0.0,0.0,0.0,0.0,0.0,0.0,1.0,0.0,0.0,6
C26966,1872.9,1872.9,1,5.0,374.58,10.0,1.0,1.0,1,787,0.0,0.0,0.0,1.0,0.0,0.0,0.0,0.0,1.0,0.0,0.0,0.0,0.0,0.0,0.0,1.0,0.0,2
C27070,2612.52,2612.52,1,4.0,653.13,8.0,1.0,0.0,1,267,0.0,1.0,0.0,0.0,0.0,0.0,0.0,0.0,1.0,0.0,0.0,0.0,1.0,0.0,0.0,0.0,0.0,2
C27072,463.11,463.11,1,3.0,154.37,4.0,0.0,0.0,1,16,0.0,0.0,0.0,1.0,0.0,0.0,0.0,0.0,1.0,0.0,1.0,0.0,0.0,0.0,0.0,0.0,0.0,0
C27078,1181.9,1181.9,1,5.0,236.38,7.0,0.0,1.0,1,241,0.0,1.0,0.0,0.0,0.0,0.0,1.0,0.0,0.0,0.0,0.0,1.0,0.0,0.0,0.0,0.0,0.0,4
C27202,3267.35,3267.35,1,5.0,653.47,10.0,1.0,1.0,1,316,0.0,1.0,0.0,0.0,0.0,0.0,0.0,0.0,0.0,1.0,1.0,0.0,0.0,0.0,0.0,0.0,0.0,2
C27203,1040.85,1040.85,1,5.0,208.17,6.0,1.0,1.0,1,866,0.0,1.0,0.0,0.0,0.0,0.0,1.0,0.0,0.0,0.0,0.0,0.0,1.0,0.0,0.0,0.0,0.0,1
C27305,1390.58,1390.58,1,2.0,695.29,6.0,1.0,0.0,1,341,0.0,1.0,0.0,0.0,0.0,0.0,0.0,0.0,1.0,0.0,1.0,0.0,0.0,0.0,0.0,0.0,0.0,0
C27401,1619.73,1619.73,1,3.0,539.91,8.0,0.0,0.0,1,219,0.0,1.0,0.0,0.0,0.0,1.0,0.0,0.0,0.0,0.0,0.0,0.0,1.0,0.0,0.0,0.0,0.0,1
C27430,474.25,474.25,1,5.0,94.85,6.0,1.0,0.0,1,147,1.0,0.0,0.0,0.0,0.0,1.0,0.0,0.0,0.0,0.0,0.0,0.0,0.0,0.0,0.0,1.0,0.0,7
C27435,2104.9,2104.9,1,5.0,420.98,7.0,1.0,0.0,1,400,1.0,0.0,0.0,0.0,0.0,0.0,1.0,0.0,0.0,0.0,0.0,0.0,0.0,0.0,0.0,0.0,1.0,2
C27438,70.32,70.32,1,1.0,70.32,4.0,1.0,1.0,1,598,1.0,0.0,0.0,0.0,0.0,0.0,1.0,0.0,0.0,0.0,0.0,0.0,0.0,0.0,0.0,1.0,0.0,7
C27613,2462.6,2462.6,1,4.0,615.65,9.0,1.0,0.0,1,369,0.0,0.0,1.0,0.0,0.0,0.0,0.0,1.0,0.0,0.0,0.0,0.0,0.0,0.0,0.0,0.0,1.0,2
C27898,2513.55,2513.55,1,5.0,502.71,7.0,1.0,0.0,1,631,0.0,0.0,0.0,1.0,0.0,0.0,0.0,1.0,0.0,0.0,0.0,0.0,0.0,0.0,0.0,1.0,0.0,2
C28049,1293.38,1293.38,1,2.0,646.69,7.0,1.0,0.0,1,772,0.0,0.0,1.0,0.0,0.0,0.0,0.0,0.0,1.0,0.0,0.0,0.0,0.0,0.0,0.0,1.0,0.0,7
C28152,1714.59,1714.59,1,3.0,571.53,6.0,1.0,0.0,1,50,0.0,0.0,1.0,0.0,0.0,0.0,1.0,0.0,0.0,0.0,0.0,1.0,0.0,0.0,0.0,0.0,0.0,4
C28386,277.09,277.09,1,1.0,277.09,2.0,1.0,1.0,1,451,1.0,0.0,0.0,0.0,0.0,0.0,0.0,0.0,0.0,1.0,0.0,1.0,0.0,0.0,0.0,0.0,0.0,4
C28406,23.53,23.53,1,1.0,23.53,2.0,1.0,0.0,1,45,0.0,0.0,0.0,1.0,0.0,0.0,0.0,0.0,1.0,0.0,1.0,0.0,0.0,0.0,0.0,0.0,0.0,0
C28552,29.86,29.86,1,2.0,14.93,4.0,0.0,0.0,1,126,0.0,0.0,0.0,0.0,1.0,0.0,1.0,0.0,0.0,0.0,1.0,0.0,0.0,0.0,0.0,0.0,0.0,0
C28648,1895.44,1895.44,1,4.0,473.86,7.0,1.0,0.0,1,429,0.0,0.0,1.0,0.0,0.0,0.0,1.0,0.0,0.0,0.0,0.0,0.0,0.0,1.0,0.0,0.0,0.0,8
C28712,303.32,303.32,1,2.0,151.66,6.0,0.0,1.0,1,421,1.0,0.0,0.0,0.0,0.0,0.0,0.0,0.0,1.0,0.0,0.0,0.0,0.0,0.0,0.0,1.0,0.0,7
C28740,1670.97,1670.97,1,3.0,556.99,4.0,1.0,1.0,1,732,0.0,0.0,0.0,0.0,1.0,0.0,1.0,0.0,0.0,0.0,1.0,0.0,0.0,0.0,0.0,0.0,0.0,0
C28828,395.88,395.88,1,3.0,131.96,8.0,0.0,0.0,1,147,0.0,1.0,0.0,0.0,0.0,0.0,0.0,0.0,1.0,0.0,0.0,1.0,0.0,0.0,0.0,0.0,0.0,4
C28889,258.87,258.87,1,3.0,86.29,6.0,1.0,0.0,1,119,1.0,0.0,0.0,0.0,0.0,0.0,0.0,0.0,1.0,0.0,1.0,0.0,0.0,0.0,0.0,0.0,0.0,0
C28893,620.21,620.21,1,1.0,620.21,1.0,1.0,1.0,1,233,0.0,0.0,0.0,0.0,1.0,0.0,0.0,0.0,0.0,1.0,0.0,0.0,0.0,0.0,0.0,0.0,1.0,3
C28976,1067.62,1067.62,1,2.0,533.81,3.0,1.0,0.0,1,889,0.0,1.0,0.0,0.0,0.0,1.0,0.0,0.0,0.0,0.0,0.0,0.0,0.0,0.0,0.0,1.0,0.0,7
C29041,1768.68,1768.68,1,3.0,589.56,6.0,0.0,1.0,1,735,0.0,0.0,0.0,0.0,1.0,0.0,1.0,0.0,0.0,0.0,0.0,0.0,0.0,0.0,1.0,0.0,0.0,6
C29059,1503.9,1503.9,1,3.0,501.3,3.0,1.0,1.0,1,160,0.0,0.0,0.0,0.0,1.0,0.0,1.0,0.0,0.0,0.0,0.0,1.0,0.0,0.0,0.0,0.0,0.0,4
C29063,478.75,478.75,1,5.0,95.75,8.0,1.0,0.0,1,275,0.0,0.0,0.0,0.0,1.0,0.0,0.0,0.0,1.0,0.0,1.0,0.0,0.0,0.0,0.0,0.0,0.0,0
C29072,687.98,687.98,1,2.0,343.99,4.0,0.0,0.0,1,844,0.0,0.0,0.0,0.0,1.0,0.0,0.0,1.0,0.0,0.0,0.0,0.0,1.0,0.0,0.0,0.0,0.0,1
C29092,60.04,60.04,1,4.0,15.01,6.0,0.0,1.0,1,398,1.0,0.0,0.0,0.0,0.0,0.0,1.0,0.0,0.0,0.0,1.0,0.0,0.0,0.0,0.0,0.0,0.0,0
C29314,788.6,788.6,1,2.0,394.3,6.0,1.0,0.0,1,754,1.0,0.0,0.0,0.0,0.0,1.0,0.0,0.0,0.0,0.0,0.0,0.0,0.0,1.0,0.0,0.0,0.0,8
C29318,24.48,24.48,1,1.0,24.48,1.0,0.0,1.0,1,354,0.0,0.0,0.0,1.0,0.0,0.0,0.0,0.0,1.0,0.0,0.0,0.0,0.0,1.0,0.0,0.0,0.0,8
C29405,448.74,448.74,1,2.0,224.37,3.0,1.0,0.0,1,112,0.0,0.0,1.0,0.0,0.0,0.0,0.0,0.0,0.0,1.0,0.0,0.0,0.0,0.0,1.0,0.0,0.0,6
C29416,150.17,150.17,1,1.0,150.17,1.0,1.0,1.0,1,156,0.0,0.0,1.0,0.0,0.0,0.0,0.0,0.0,0.0,1.0,0.0,0.0,1.0,0.0,0.0,0.0,0.0,1
C29432,1406.22,1406.22,1,3.0,468.74,4.0,1.0,0.0,1,777,1.0,0.0,0.0,0.0,0.0,0.0,0.0,0.0,1.0,0.0,1.0,0.0,0.0,0.0,0.0,0.0,0.0,0
C29467,191.76,191.76,1,1.0,191.76,1.0,1.0,1.0,1,755,0.0,1.0,0.0,0.0,0.0,0.0,0.0,0.0,1.0,0.0,1.0,0.0,0.0,0.0,0.0,0.0,0.0,0
C29483,1222.88,1222.88,1,4.0,305.72,5.0,0.0,0.0,1,314,0.0,0.0,0.0,0.0,1.0,0.0,1.0,0.0,0.0,0.0,0.0,1.0,0.0,0.0,0.0,0.0,0.0,4
C29568,194.44,194.44,1,4.0,48.61,7.0,1.0,0.0,1,386,0.0,0.0,0.0,0.0,1.0,0.0,1.0,0.0,0.0,0.0,0.0,0.0,0.0,0.0,0.0,1.0,0.0,7
C29620,460.13,460.13,1,1.0,460.13,1.0,0.0,1.0,1,615,0.0,1.0,0.0,0.0,0.0,0.0,0.0,1.0,0.0,0.0,0.0,0.0,0.0,0.0,1.0,0.0,0.0,6
C29685,1923.45,1923.45,1,5.0,384.69,6.0,1.0,0.0,1,524,0.0,1.0,0.0,0.0,0.0,1.0,0.0,0.0,0.0,0.0,1.0,0.0,0.0,0.0,0.0,0.0,0.0,0
C29697,401.82,401.82,1,1.0,401.82,5.0,1.0,0.0,1,388,0.0,1.0,0.0,0.0,0.0,0.0,0.0,1.0,0.0,0.0,0.0,0.0,0.0,0.0,0.0,0.0,1.0,3
C29701,61.62,61.62,1,3.0,20.54,3.0,1.0,1.0,1,77,0.0,1.0,0.0,0.0,0.0,0.0,0.0,0.0,1.0,0.0,1.0,0.0,0.0,0.0,0.0,0.0,0.0,0
C29703,2790.0,2790.0,1,4.0,697.5,7.0,1.0,0.0,1,562,1.0,0.0,0.0,0.0,0.0,0.0,0.0,0.0,0.0,1.0,0.0,1.0,0.0,0.0,0.0,0.0,0.0,2
C29758,798.64,798.64,1,2.0,399.32,6.0,1.0,0.0,1,651,0.0,0.0,0.0,0.0,1.0,0.0,0.0,0.0,1.0,0.0,1.0,0.0,0.0,0.0,0.0,0.0,0.0,0
C29844,877.24,877.24,1,2.0,438.62,3.0,1.0,1.0,1,73,1.0,0.0,0.0,0.0,0.0,0.0,1.0,0.0,0.0,0.0,0.0,0.0,0.0,0.0,0.0,0.0,1.0,3
C29885,568.32,568.32,1,3.0,189.44,4.0,1.0,0.0,1,590,1.0,0.0,0.0,0.0,0.0,1.0,0.0,0.0,0.0,0.0,0.0,0.0,0.0,0.0,0.0,1.0,0.0,7
C29905,1067.9,1067.9,1,2.0,533.95,5.0,1.0,0.0,1,471,0.0,0.0,0.0,0.0,1.0,0.0,0.0,1.0,0.0,0.0,0.0,1.0,0.0,0.0,0.0,0.0,0.0,4
C29914,133.39,133.39,1,1.0,133.39,2.0,1.0,0.0,1,332,0.0,0.0,1.0,0.0,0.0,0.0,0.0,0.0,0.0,1.0,0.0,0.0,1.0,0.0,0.0,0.0,0.0,1
C29931,612.36,612.36,1,4.0,153.09,4.0,1.0,0.0,1,636,0.0,0.0,0.0,0.0,1.0,0.0,0.0,0.0,0.0,1.0,0.0,1.0,0.0,0.0,0.0,0.0,0.0,4
C30010,382.23,382.23,1,3.0,127.41,7.0,1.0,0.0,1,67,0.0,0.0,0.0,1.0,0.0,0.0,0.0,0.0,0.0,1.0,0.0,0.0,0.0,0.0,1.0,0.0,0.0,6
C30168,933.99,933.99,1,3.0,311.33,3.0,1.0,1.0,1,311,1.0,0.0,0.0,0.0,0.0,0.0,0.0,0.0,1.0,0.0,0.0,0.0,0.0,0.0,1.0,0.0,0.0,6
C30184,427.06,427.06,1,1.0,427.06,1.0,1.0,1.0,1,642,0.0,0.0,0.0,0.0,1.0,0.0,0.0,0.0,0.0,1.0,0.0,0.0,0.0,1.0,0.0,0.0,0.0,8
C30334,267.1,267.1,1,2.0,133.55,7.0,1.0,0.0,1,572,1.0,0.0,0.0,0.0,0.0,0.0,1.0,0.0,0.0,0.0,0.0,0.0,0.0,0.0,1.0,0.0,0.0,6
C30411,2551.16,2551.16,1,4.0,637.79,9.0,1.0,1.0,1,70,0.0,0.0,0.0,1.0,0.0,0.0,0.0,1.0,0.0,0.0,0.0,0.0,0.0,0.0,0.0,1.0,0.0,2
C30477,201.58,201.58,1,1.0,201.58,2.0,1.0,1.0,1,80,0.0,0.0,1.0,0.0,0.0,1.0,0.0,0.0,0.0,0.0,0.0,0.0,0.0,0.0,0.0,1.0,0.0,7
C30513,586.44,586.44,1,1.0,586.44,5.0,1.0,1.0,1,296,0.0,0.0,0.0,0.0,1.0,0.0,1.0,0.0,0.0,0.0,0.0,0.0,0.0,0.0,0.0,0.0,1.0,3
C30643,918.87,918.87,1,3.0,306.29,7.0,1.0,1.0,1,385,0.0,1.0,0.0,0.0,0.0,0.0,0.0,0.0,1.0,0.0,0.0,0.0,1.0,0.0,0.0,0.0,0.0,1
C30686,1614.32,1614.32,1,4.0,403.58,9.0,1.0,0.0,1,18,0.0,0.0,0.0,0.0,1.0,0.0,0.0,0.0,0.0,1.0,0.0,0.0,0.0,0.0,0.0,1.0,0.0,7
C30711,278.66,278.66,1,1.0,278.66,2.0,1.0,1.0,1,528,0.0,0.0,0.0,1.0,0.0,0.0,0.0,0.0,1.0,0.0,0.0,0.0,0.0,1.0,0.0,0.0,0.0,8
C30722,1333.9,1333.9,1,5.0,266.78,5.0,0.0,1.0,1,643,0.0,0.0,0.0,1.0,0.0,1.0,0.0,0.0,0.0,0.0,0.0,1.0,0.0,0.0,0.0,0.0,0.0,4
C30923,654.27,654.27,1,1.0,654.27,2.0,1.0,0.0,1,885,0.0,0.0,0.0,1.0,0.0,0.0,1.0,0.0,0.0,0.0,0.0,0.0,1.0,0.0,0.0,0.0,0.0,1
C30955,167.6,167.6,1,4.0,41.9,9.0,1.0,0.0,1,604,0.0,0.0,0.0,1.0,0.0,0.0,0.0,0.0,1.0,0.0,0.0,0.0,0.0,0.0,1.0,0.0,0.0,6
C31072,916.4,916.4,1,4.0,229.1,8.0,1.0,1.0,1,441,0.0,0.0,0.0,1.0,0.0,1.0,0.0,0.0,0.0,0.0,0.0,0.0,1.0,0.0,0.0,0.0,0.0,1
C31105,583.99,583.99,1,1.0,583.99,2.0,1.0,1.0,1,782,1.0,0.0,0.0,0.0,0.0,1.0,0.0,0.0,0.0,0.0,1.0,0.0,0.0,0.0,0.0,0.0,0.0,0
C31371,507.36,507.36,1,2.0,253.68,6.0,0.0,0.0,1,571,0.0,0.0,0.0,1.0,0.0,0.0,0.0,0.0,0.0,1.0,0.0,0.0,0.0,0.0,0.0,1.0,0.0,7
C31412,2042.32,2042.32,1,4.0,510.58,7.0,1.0,1.0,1,364,0.0,1.0,0.0,0.0,0.0,1.0,0.0,0.0,0.0,0.0,0.0,0.0,0.0,1.0,0.0,0.0,0.0,8
C31501,1764.15,1764.15,1,3.0,588.05,8.0,0.0,0.0,1,4,0.0,0.0,0.0,1.0,0.0,0.0,0.0,0.0,1.0,0.0,0.0,1.0,0.0,0.0,0.0,0.0,0.0,4
C31668,569.35,569.35,1,5.0,113.87,6.0,1.0,0.0,1,403,0.0,1.0,0.0,0.0,0.0,1.0,0.0,0.0,0.0,0.0,0.0,0.0,1.0,0.0,0.0,0.0,0.0,1
C31761,2600.16,2600.16,1,4.0,650.04,6.0,1.0,1.0,1,242,0.0,0.0,0.0,1.0,0.0,0.0,1.0,0.0,0.0,0.0,1.0,0.0,0.0,0.0,0.0,0.0,0.0,2
C31764,655.09,655.09,1,1.0,655.09,6.0,0.0,0.0,1,207,1.0,0.0,0.0,0.0,0.0,0.0,0.0,0.0,0.0,1.0,0.0,0.0,0.0,0.0,0.0,0.0,1.0,3
C31772,693.41,693.41,1,1.0,693.41,4.0,0.0,0.0,1,721,0.0,0.0,1.0,0.0,0.0,0.0,0.0,0.0,1.0,0.0,0.0,0.0,0.0,0.0,1.0,0.0,0.0,6
C31810,178.44,178.44,1,1.0,178.44,2.0,1.0,1.0,1,880,0.0,1.0,0.0,0.0,0.0,0.0,0.0,1.0,0.0,0.0,0.0,0.0,0.0,0.0,1.0,0.0,0.0,6
C31946,2037.52,2037.52,1,4.0,509.38,6.0,1.0,0.0,1,588,0.0,1.0,0.0,0.0,0.0,0.0,0.0,1.0,0.0,0.0,0.0,1.0,0.0,0.0,0.0,0.0,0.0,4
C32011,628.89,628.89,1,1.0,628.89,2.0,1.0,1.0,1,125,0.0,1.0,0.0,0.0,0.0,0.0,0.0,0.0,0.0,1.0,1.0,0.0,0.0,0.0,0.0,0.0,0.0,0
C32029,701.44,701.44,1,4.0,175.36,4.0,1.0,0.0,1,329,0.0,0.0,1.0,0.0,0.0,0.0,0.0,0.0,1.0,0.0,0.0,0.0,0.0,0.0,0.0,1.0,0.0,7
C32121,795.24,795.24,1,4.0,198.81,9.0,1.0,1.0,1,139,1.0,0.0,0.0,0.0,0.0,0.0,0.0,0.0,0.0,1.0,0.0,0.0,1.0,0.0,0.0,0.0,0.0,1
C32183,1985.67,1985.67,1,3.0,661.89,6.0,1.0,1.0,1,127,0.0,0.0,0.0,0.0,1.0,0.0,0.0,0.0,0.0,1.0,0.0,1.0,0.0,0.0,0.0,0.0,0.0,4
C32347,249.81,249.81,1,1.0,249.81,1.0,1.0,0.0,1,566,1.0,0.0,0.0,0.0,0.0,0.0,0.0,1.0,0.0,0.0,0.0,0.0,0.0,0.0,0.0,1.0,0.0,7
C32570,11.39,11.39,1,1.0,11.39,6.0,1.0,1.0,1,624,1.0,0.0,0.0,0.0,0.0,1.0,0.0,0.0,0.0,0.0,0.0,0.0,0.0,0.0,1.0,0.0,0.0,6
C32580,1874.95,1874.95,1,5.0,374.99,9.0,1.0,0.0,1,582,0.0,0.0,0.0,0.0,1.0,0.0,1.0,0.0,0.0,0.0,0.0,0.0,0.0,0.0,1.0,0.0,0.0,6
C32650,1210.52,1210.52,1,2.0,605.26,4.0,1.0,1.0,1,400,1.0,0.0,0.0,0.0,0.0,0.0,0.0,0.0,0.0,1.0,0.0,0.0,0.0,1.0,0.0,0.0,0.0,8
C32687,852.44,852.44,1,2.0,426.22,7.0,1.0,0.0,1,197,0.0,0.0,0.0,0.0,1.0,0.0,0.0,1.0,0.0,0.0,0.0,0.0,1.0,0.0,0.0,0.0,0.0,1
C32798,993.24,993.24,1,2.0,496.62,2.0,1.0,0.0,1,289,0.0,0.0,0.0,0.0,1.0,0.0,0.0,0.0,1.0,0.0,0.0,0.0,0.0,0.0,1.0,0.0,0.0,6
C32854,65.45,65.45,1,1.0,65.45,2.0,1.0,0.0,1,862,1.0,0.0,0.0,0.0,0.0,0.0,0.0,1.0,0.0,0.0,0.0,1.0,0.0,0.0,0.0,0.0,0.0,4
C32943,824.28,824.28,1,2.0,412.14,2.0,1.0,1.0,1,662,0.0,1.0,0.0,0.0,0.0,0.0,0.0,0.0,1.0,0.0,0.0,1.0,0.0,0.0,0.0,0.0,0.0,4
C32956,2715.8,2715.8,1,5.0,543.16,6.0,1.0,1.0,1,342,0.0,0.0,0.0,0.0,1.0,0.0,0.0,0.0,1.0,0.0,0.0,0.0,1.0,0.0,0.0,0.0,0.0,2
C32960,2223.8,2223.8,1,5.0,444.76,7.0,0.0,1.0,1,578,0.0,0.0,1.0,0.0,0.0,1.0,0.0,0.0,0.0,0.0,0.0,0.0,0.0,0.0,0.0,1.0,0.0,2
C33051,883.08,883.08,1,2.0,441.54,2.0,1.0,0.0,1,434,0.0,0.0,0.0,0.0,1.0,1.0,0.0,0.0,0.0,0.0,0.0,0.0,0.0,0.0,1.0,0.0,0.0,6
C33099,241.9,241.9,1,5.0,48.38,9.0,1.0,0.0,1,185,0.0,0.0,0.0,1.0,0.0,1.0,0.0,0.0,0.0,0.0,0.0,0.0,1.0,0.0,0.0,0.0,0.0,1
C33110,1584.42,1584.42,1,3.0,528.14,3.0,1.0,0.0,1,31,0.0,0.0,0.0,0.0,1.0,1.0,0.0,0.0,0.0,0.0,1.0,0.0,0.0,0.0,0.0,0.0,0.0,0
C33220,1852.16,1852.16,1,4.0,463.04,9.0,0.0,1.0,1,866,0.0,0.0,0.0,1.0,0.0,0.0,0.0,0.0,1.0,0.0,0.0,0.0,0.0,0.0,0.0,0.0,1.0,3
C33260,1270.59,1270.59,1,3.0,423.53,6.0,1.0,0.0,1,284,0.0,1.0,0.0,0.0,0.0,0.0,0.0,0.0,0.0,1.0,0.0,1.0,0.0,0.0,0.0,0.0,0.0,4
C33313,1738.65,1738.65,1,3.0,579.55,8.0,1.0,1.0,1,63,0.0,0.0,0.0,1.0,0.0,0.0,1.0,0.0,0.0,0.0,0.0,0.0,0.0,0.0,1.0,0.0,0.0,6
C33315,1687.65,1687.65,1,3.0,562.55,6.0,0.0,1.0,1,387,0.0,0.0,1.0,0.0,0.0,1.0,0.0,0.0,0.0,0.0,0.0,0.0,0.0,0.0,0.0,1.0,0.0,7
C33540,273.19,273.19,1,1.0,273.19,5.0,1.0,1.0,1,625,0.0,0.0,1.0,0.0,0.0,0.0,1.0,0.0,0.0,0.0,1.0,0.0,0.0,0.0,0.0,0.0,0.0,0
C33634,2355.4,2355.4,1,4.0,588.85,7.0,0.0,0.0,1,882,0.0,0.0,0.0,1.0,0.0,1.0,0.0,0.0,0.0,0.0,0.0,0.0,0.0,1.0,0.0,0.0,0.0,2
C33729,1978.71,1978.71,1,3.0,659.57,6.0,1.0,1.0,1,823,0.0,1.0,0.0,0.0,0.0,1.0,0.0,0.0,0.0,0.0,0.0,0.0,0.0,1.0,0.0,0.0,0.0,8
C33744,2307.48,2307.48,1,4.0,576.87,5.0,0.0,1.0,1,784,0.0,0.0,0.0,1.0,0.0,0.0,0.0,0.0,1.0,0.0,1.0,0.0,0.0,0.0,0.0,0.0,0.0,0
C33802,604.87,604.87,1,1.0,604.87,4.0,0.0,0.0,1,338,0.0,0.0,0.0,0.0,1.0,0.0,0.0,0.0,1.0,0.0,0.0,0.0,0.0,1.0,0.0,0.0,0.0,8
C34134,254.12,254.12,1,1.0,254.12,1.0,1.0,0.0,1,86,0.0,0.0,0.0,0.0,1.0,1.0,0.0,0.0,0.0,0.0,0.0,0.0,0.0,0.0,0.0,1.0,0.0,7
C34266,2519.52,2519.52,1,4.0,629.88,8.0,1.0,1.0,1,126,0.0,0.0,1.0,0.0,0.0,0.0,0.0,0.0,1.0,0.0,0.0,0.0,0.0,1.0,0.0,0.0,0.0,2
C34337,950.55,950.55,1,5.0,190.11,7.0,1.0,0.0,1,344,1.0,0.0,0.0,0.0,0.0,0.0,0.0,1.0,0.0,0.0,0.0,0.0,0.0,0.0,1.0,0.0,0.0,6
C34416,99.24,99.24,1,2.0,49.62,2.0,1.0,0.0,1,884,0.0,0.0,0.0,0.0,1.0,0.0,0.0,1.0,0.0,0.0,0.0,0.0,0.0,1.0,0.0,0.0,0.0,8
C34555,372.8,372.8,1,1.0,372.8,6.0,1.0,1.0,1,842,1.0,0.0,0.0,0.0,0.0,0.0,1.0,0.0,0.0,0.0,1.0,0.0,0.0,0.0,0.0,0.0,0.0,0
C34686,68.39,68.39,1,1.0,68.39,3.0,1.0,1.0,1,95,0.0,0.0,0.0,0.0,1.0,0.0,1.0,0.0,0.0,0.0,0.0,0.0,0.0,0.0,0.0,0.0,1.0,3
C35043,132.15,132.15,1,5.0,26.43,5.0,1.0,0.0,1,118,0.0,0.0,0.0,1.0,0.0,0.0,1.0,0.0,0.0,0.0,0.0,0.0,0.0,1.0,0.0,0.0,0.0,8
C35091,211.14,211.14,1,1.0,211.14,1.0,1.0,1.0,1,459,0.0,1.0,0.0,0.0,0.0,0.0,1.0,0.0,0.0,0.0,0.0,0.0,0.0,1.0,0.0,0.0,0.0,8
C35100,639.82,639.82,1,2.0,319.91,3.0,1.0,1.0,1,198,0.0,1.0,0.0,0.0,0.0,0.0,0.0,1.0,0.0,0.0,0.0,0.0,0.0,0.0,1.0,0.0,0.0,6
C35117,1395.86,1395.86,1,2.0,697.93,2.0,1.0,1.0,1,56,0.0,1.0,0.0,0.0,0.0,0.0,0.0,1.0,0.0,0.0,0.0,1.0,0.0,0.0,0.0,0.0,0.0,4
C35123,1546.92,1546.92,1,4.0,386.73,4.0,1.0,0.0,1,383,1.0,0.0,0.0,0.0,0.0,0.0,1.0,0.0,0.0,0.0,0.0,0.0,0.0,0.0,1.0,0.0,0.0,6
C35136,634.94,634.94,1,1.0,634.94,5.0,1.0,1.0,1,834,0.0,0.0,0.0,0.0,1.0,0.0,0.0,0.0,1.0,0.0,0.0,0.0,1.0,0.0,0.0,0.0,0.0,1
C35168,1199.72,1199.72,1,2.0,599.86,7.0,1.0,0.0,1,889,0.0,0.0,0.0,1.0,0.0,0.0,1.0,0.0,0.0,0.0,0.0,0.0,0.0,0.0,0.0,0.0,1.0,3
C35355,1327.6,1327.6,1,4.0,331.9,5.0,1.0,0.0,1,437,1.0,0.0,0.0,0.0,0.0,0.0,0.0,0.0,1.0,0.0,0.0,0.0,0.0,0.0,0.0,1.0,0.0,7
C35377,3119.05,3119.05,1,5.0,623.81,6.0,1.0,1.0,1,766,1.0,0.0,0.0,0.0,0.0,1.0,0.0,0.0,0.0,0.0,0.0,0.0,0.0,0.0,1.0,0.0,0.0,2
C35397,331.55,331.55,1,5.0,66.31,7.0,1.0,0.0,1,38,0.0,0.0,0.0,1.0,0.0,0.0,0.0,0.0,0.0,1.0,0.0,0.0,0.0,0.0,0.0,1.0,0.0,7
C35483,671.1,671.1,1,3.0,223.7,3.0,1.0,1.0,1,304,1.0,0.0,0.0,0.0,0.0,1.0,0.0,0.0,0.0,0.0,0.0,0.0,0.0,0.0,0.0,1.0,0.0,7
C35566,258.76,258.76,1,4.0,64.69,7.0,1.0,0.0,1,868,0.0,0.0,1.0,0.0,0.0,0.0,0.0,1.0,0.0,0.0,0.0,0.0,1.0,0.0,0.0,0.0,0.0,1
C35628,1660.71,1660.71,1,3.0,553.57,4.0,1.0,1.0,1,219,0.0,1.0,0.0,0.0,0.0,0.0,1.0,0.0,0.0,0.0,1.0,0.0,0.0,0.0,0.0,0.0,0.0,0
C35669,2894.15,2894.15,1,5.0,578.83,6.0,0.0,1.0,1,375,1.0,0.0,0.0,0.0,0.0,0.0,0.0,0.0,0.0,1.0,0.0,0.0,0.0,0.0,0.0,1.0,0.0,2
C35711,1308.48,1308.48,1,4.0,327.12,4.0,0.0,1.0,1,304,0.0,1.0,0.0,0.0,0.0,1.0,0.0,0.0,0.0,0.0,0.0,0.0,0.0,1.0,0.0,0.0,0.0,8
C35785,427.82,427.82,1,1.0,427.82,2.0,1.0,0.0,1,450,0.0,0.0,0.0,0.0,1.0,1.0,0.0,0.0,0.0,0.0,0.0,0.0,0.0,0.0,0.0,1.0,0.0,7
C35852,1248.39,624.195,2,3.5,203.72500000000002,5.5,0.5,0.0,2,121,0.0,0.0,0.0,0.0,1.0,0.0,0.0,0.0,1.0,0.0,0.0,0.0,0.0,0.5,0.0,0.0,0.5,5
C35854,939.85,939.85,1,5.0,187.97,9.0,1.0,1.0,1,672,1.0,0.0,0.0,0.0,0.0,0.0,0.0,1.0,0.0,0.0,0.0,0.0,0.0,0.0,0.0,0.0,1.0,3
C35983,3137.15,3137.15,1,5.0,627.43,10.0,1.0,1.0,1,478,0.0,1.0,0.0,0.0,0.0,1.0,0.0,0.0,0.0,0.0,0.0,0.0,1.0,0.0,0.0,0.0,0.0,2
C35987,3267.3,3267.3,1,5.0,653.46,9.0,1.0,1.0,1,666,1.0,0.0,0.0,0.0,0.0,1.0,0.0,0.0,0.0,0.0,0.0,0.0,0.0,0.0,0.0,0.0,1.0,2
C36014,869.94,869.94,1,2.0,434.97,7.0,0.0,0.0,1,751,0.0,0.0,0.0,0.0,1.0,1.0,0.0,0.0,0.0,0.0,0.0,0.0,0.0,0.0,0.0,1.0,0.0,7
C36137,717.24,717.24,1,3.0,239.08,8.0,0.0,0.0,1,219,1.0,0.0,0.0,0.0,0.0,0.0,0.0,1.0,0.0,0.0,0.0,0.0,1.0,0.0,0.0,0.0,0.0,1
C36150,1069.82,1069.82,1,2.0,534.91,5.0,1.0,1.0,1,634,0.0,0.0,1.0,0.0,0.0,0.0,0.0,1.0,0.0,0.0,0.0,0.0,1.0,0.0,0.0,0.0,0.0,1
C36174,926.94,926.94,1,3.0,308.98,3.0,1.0,0.0,1,396,1.0,0.0,0.0,0.0,0.0,0.0,0.0,0.0,1.0,0.0,0.0,0.0,0.0,0.0,0.0,1.0,0.0,7
C36383,2107.2,2107.2,1,5.0,421.44,5.0,1.0,0.0,1,271,1.0,0.0,0.0,0.0,0.0,0.0,0.0,0.0,1.0,0.0,0.0,0.0,0.0,1.0,0.0,0.0,0.0,8
C36408,3075.5,3075.5,1,5.0,615.1,10.0,1.0,1.0,1,533,0.0,0.0,0.0,1.0,0.0,0.0,0.0,0.0,1.0,0.0,0.0,0.0,0.0,1.0,0.0,0.0,0.0,2
C36467,75.78,75.78,1,1.0,75.78,5.0,1.0,0.0,1,709,1.0,0.0,0.0,0.0,0.0,0.0,0.0,1.0,0.0,0.0,0.0,0.0,0.0,0.0,0.0,1.0,0.0,7
C36492,45.94,45.94,1,1.0,45.94,2.0,1.0,1.0,1,305,1.0,0.0,0.0,0.0,0.0,1.0,0.0,0.0,0.0,0.0,0.0,1.0,0.0,0.0,0.0,0.0,0.0,4
C36497,86.3,86.3,1,2.0,43.15,3.0,1.0,0.0,1,679,0.0,0.0,1.0,0.0,0.0,1.0,0.0,0.0,0.0,0.0,0.0,1.0,0.0,0.0,0.0,0.0,0.0,4
C36534,1963.62,1963.62,1,3.0,654.54,7.0,1.0,1.0,1,598,1.0,0.0,0.0,0.0,0.0,0.0,0.0,0.0,0.0,1.0,0.0,0.0,0.0,1.0,0.0,0.0,0.0,8
C36540,728.32,728.32,1,4.0,182.08,4.0,1.0,0.0,1,652,0.0,0.0,0.0,1.0,0.0,1.0,0.0,0.0,0.0,0.0,1.0,0.0,0.0,0.0,0.0,0.0,0.0,0
C36613,1894.92,1894.92,1,3.0,631.64,3.0,1.0,1.0,1,675,0.0,1.0,0.0,0.0,0.0,0.0,1.0,0.0,0.0,0.0,0.0,0.0,0.0,1.0,0.0,0.0,0.0,8
C36688,305.17,305.17,1,1.0,305.17,3.0,1.0,1.0,1,802,0.0,0.0,0.0,1.0,0.0,0.0,0.0,0.0,0.0,1.0,0.0,1.0,0.0,0.0,0.0,0.0,0.0,4
C36725,3253.6,3253.6,1,5.0,650.72,8.0,1.0,1.0,1,247,0.0,1.0,0.0,0.0,0.0,1.0,0.0,0.0,0.0,0.0,0.0,0.0,0.0,1.0,0.0,0.0,0.0,2
C36778,388.33,388.33,1,1.0,388.33,2.0,1.0,1.0,1,183,1.0,0.0,0.0,0.0,0.0,0.0,1.0,0.0,0.0,0.0,0.0,0.0,0.0,0.0,0.0,0.0,1.0,3
C36813,1842.45,1842.45,1,3.0,614.15,3.0,0.0,1.0,1,596,0.0,0.0,0.0,1.0,0.0,0.0,1.0,0.0,0.0,0.0,0.0,0.0,1.0,0.0,0.0,0.0,0.0,1
C36825,877.52,877.52,1,2.0,438.76,2.0,0.0,1.0,1,855,0.0,0.0,1.0,0.0,0.0,0.0,1.0,0.0,0.0,0.0,0.0,0.0,1.0,0.0,0.0,0.0,0.0,1
C36938,761.94,761.94,1,3.0,253.98,3.0,1.0,1.0,1,145,0.0,1.0,0.0,0.0,0.0,1.0,0.0,0.0,0.0,0.0,0.0,0.0,0.0,1.0,0.0,0.0,0.0,8
C36992,671.37,671.37,1,3.0,223.79,3.0,0.0,0.0,1,718,0.0,0.0,1.0,0.0,0.0,0.0,0.0,1.0,0.0,0.0,1.0,0.0,0.0,0.0,0.0,0.0,0.0,0
C36997,745.64,745.64,1,4.0,186.41,6.0,1.0,0.0,1,662,0.0,0.0,0.0,1.0,0.0,0.0,0.0,1.0,0.0,0.0,0.0,0.0,0.0,0.0,1.0,0.0,0.0,6
C37032,847.76,847.76,1,2.0,423.88,7.0,1.0,0.0,1,690,0.0,0.0,1.0,0.0,0.0,0.0,0.0,0.0,0.0,1.0,0.0,0.0,0.0,0.0,1.0,0.0,0.0,6
C37235,151.04,151.04,1,4.0,37.76,7.0,0.0,0.0,1,760,0.0,0.0,1.0,0.0,0.0,0.0,0.0,1.0,0.0,0.0,0.0,1.0,0.0,0.0,0.0,0.0,0.0,4
C37249,491.72,491.72,1,2.0,245.86,4.0,1.0,0.0,1,617,0.0,1.0,0.0,0.0,0.0,0.0,0.0,0.0,1.0,0.0,0.0,0.0,0.0,0.0,1.0,0.0,0.0,6
C37375,1036.46,1036.46,1,2.0,518.23,5.0,0.0,0.0,1,530,0.0,0.0,1.0,0.0,0.0,1.0,0.0,0.0,0.0,0.0,0.0,0.0,0.0,0.0,0.0,0.0,1.0,3
C37412,432.47,432.47,1,1.0,432.47,4.0,1.0,0.0,1,714,1.0,0.0,0.0,0.0,0.0,0.0,0.0,0.0,0.0,1.0,0.0,0.0,0.0,0.0,1.0,0.0,0.0,6
C37454,1303.35,1303.35,1,3.0,434.45,4.0,0.0,0.0,1,21,0.0,1.0,0.0,0.0,0.0,0.0,0.0,0.0,0.0,1.0,0.0,0.0,0.0,1.0,0.0,0.0,0.0,8
C37455,2380.05,2380.05,1,5.0,476.01,7.0,1.0,0.0,1,618,0.0,1.0,0.0,0.0,0.0,0.0,0.0,1.0,0.0,0.0,0.0,0.0,0.0,0.0,1.0,0.0,0.0,2
C37531,1349.3,1349.3,1,5.0,269.86,6.0,1.0,0.0,1,479,1.0,0.0,0.0,0.0,0.0,0.0,1.0,0.0,0.0,0.0,0.0,1.0,0.0,0.0,0.0,0.0,0.0,4
C37594,1361.2,1361.2,1,4.0,340.3,8.0,1.0,1.0,1,385,1.0,0.0,0.0,0.0,0.0,0.0,0.0,0.0,0.0,1.0,0.0,0.0,1.0,0.0,0.0,0.0,0.0,1
C37969,362.46,362.46,1,3.0,120.82,5.0,1.0,0.0,1,577,0.0,1.0,0.0,0.0,0.0,0.0,0.0,0.0,0.0,1.0,0.0,1.0,0.0,0.0,0.0,0.0,0.0,4
C38024,546.86,546.86,1,2.0,273.43,7.0,1.0,0.0,1,420,1.0,0.0,0.0,0.0,0.0,0.0,0.0,0.0,0.0,1.0,0.0,0.0,0.0,0.0,0.0,0.0,1.0,3
C38065,1178.55,1178.55,1,3.0,392.85,6.0,0.0,1.0,1,852,0.0,1.0,0.0,0.0,0.0,0.0,0.0,1.0,0.0,0.0,0.0,0.0,0.0,0.0,0.0,1.0,0.0,7
C38068,1302.65,1302.65,1,5.0,260.53,5.0,1.0,0.0,1,394,0.0,0.0,0.0,1.0,0.0,0.0,0.0,0.0,1.0,0.0,0.0,1.0,0.0,0.0,0.0,0.0,0.0,4
C38126,2060.76,2060.76,1,4.0,515.19,9.0,1.0,0.0,1,194,0.0,1.0,0.0,0.0,0.0,0.0,1.0,0.0,0.0,0.0,0.0,0.0,0.0,0.0,0.0,1.0,0.0,2
C38134,419.88,419.88,1,2.0,209.94,3.0,1.0,1.0,1,713,0.0,1.0,0.0,0.0,0.0,1.0,0.0,0.0,0.0,0.0,0.0,1.0,0.0,0.0,0.0,0.0,0.0,4
C38262,155.27,155.27,1,1.0,155.27,6.0,0.0,0.0,1,518,0.0,0.0,1.0,0.0,0.0,1.0,0.0,0.0,0.0,0.0,0.0,0.0,0.0,0.0,0.0,0.0,1.0,3
C38557,1915.5,1915.5,1,3.0,638.5,4.0,1.0,1.0,1,65,0.0,0.0,1.0,0.0,0.0,0.0,0.0,0.0,1.0,0.0,0.0,0.0,0.0,1.0,0.0,0.0,0.0,8
C38642,1046.0,1046.0,1,5.0,209.2,6.0,1.0,0.0,1,680,0.0,0.0,1.0,0.0,0.0,1.0,0.0,0.0,0.0,0.0,0.0,0.0,1.0,0.0,0.0,0.0,0.0,1
C38669,405.28,405.28,1,4.0,101.32,7.0,0.0,0.0,1,865,1.0,0.0,0.0,0.0,0.0,0.0,0.0,0.0,0.0,1.0,0.0,0.0,0.0,1.0,0.0,0.0,0.0,8
C38785,361.0,361.0,1,2.0,180.5,6.0,1.0,0.0,1,259,0.0,0.0,1.0,0.0,0.0,0.0,0.0,0.0,0.0,1.0,0.0,0.0,0.0,1.0,0.0,0.0,0.0,8
C38840,5723.23,2861.615,2,4.5,630.6300000000001,7.0,0.5,1.0,2,388,0.0,0.5,0.0,0.0,0.5,0.0,0.5,0.0,0.0,0.5,0.5,0.0,0.0,0.5,0.0,0.0,0.0,5
C38845,532.89,532.89,1,1.0,532.89,2.0,0.0,0.0,1,350,0.0,0.0,0.0,1.0,0.0,0.0,0.0,0.0,0.0,1.0,0.0,0.0,1.0,0.0,0.0,0.0,0.0,1
C38928,1671.56,1671.56,1,4.0,417.89,4.0,0.0,0.0,1,290,0.0,0.0,0.0,1.0,0.0,0.0,0.0,1.0,0.0,0.0,0.0,0.0,1.0,0.0,0.0,0.0,0.0,1
C38966,2021.95,2021.95,1,5.0,404.39,10.0,0.0,0.0,1,304,0.0,0.0,0.0,0.0,1.0,0.0,0.0,0.0,0.0,1.0,0.0,0.0,0.0,0.0,0.0,1.0,0.0,2
C39000,287.46,287.46,1,1.0,287.46,3.0,1.0,1.0,1,302,0.0,0.0,1.0,0.0,0.0,0.0,1.0,0.0,0.0,0.0,0.0,0.0,0.0,0.0,1.0,0.0,0.0,6
C39017,994.38,994.38,1,3.0,331.46,6.0,1.0,1.0,1,720,0.0,1.0,0.0,0.0,0.0,0.0,0.0,0.0,0.0,1.0,1.0,0.0,0.0,0.0,0.0,0.0,0.0,0
C39074,3032.6,3032.6,1,5.0,606.52,6.0,1.0,0.0,1,615,0.0,0.0,1.0,0.0,0.0,0.0,0.0,0.0,1.0,0.0,0.0,0.0,1.0,0.0,0.0,0.0,0.0,2
C39106,546.19,546.19,1,1.0,546.19,5.0,1.0,0.0,1,510,1.0,0.0,0.0,0.0,0.0,0.0,0.0,0.0,0.0,1.0,0.0,0.0,0.0,0.0,0.0,1.0,0.0,7
C39130,226.55,226.55,1,5.0,45.31,8.0,0.0,1.0,1,678,0.0,0.0,0.0,0.0,1.0,0.0,0.0,0.0,0.0,1.0,1.0,0.0,0.0,0.0,0.0,0.0,0.0,0
C39176,1737.68,1737.68,1,4.0,434.42,6.0,1.0,1.0,1,840,0.0,0.0,0.0,0.0,1.0,0.0,0.0,1.0,0.0,0.0,0.0,0.0,0.0,0.0,0.0,0.0,1.0,3
C39246,931.4,931.4,1,5.0,186.28,8.0,1.0,0.0,1,439,0.0,0.0,1.0,0.0,0.0,1.0,0.0,0.0,0.0,0.0,0.0,0.0,0.0,1.0,0.0,0.0,0.0,8
C39256,417.1,417.1,1,1.0,417.1,3.0,1.0,1.0,1,314,0.0,0.0,1.0,0.0,0.0,0.0,0.0,0.0,0.0,1.0,0.0,1.0,0.0,0.0,0.0,0.0,0.0,4
C39260,427.66,427.66,1,2.0,213.83,2.0,1.0,1.0,1,688,0.0,0.0,1.0,0.0,0.0,1.0,0.0,0.0,0.0,0.0,0.0,0.0,0.0,0.0,0.0,0.0,1.0,3
C39416,473.96,473.96,1,1.0,473.96,3.0,0.0,0.0,1,715,1.0,0.0,0.0,0.0,0.0,0.0,0.0,1.0,0.0,0.0,0.0,0.0,0.0,0.0,0.0,1.0,0.0,7
C39530,1704.15,1704.15,1,3.0,568.05,6.0,1.0,0.0,1,250,0.0,0.0,0.0,1.0,0.0,0.0,0.0,1.0,0.0,0.0,0.0,1.0,0.0,0.0,0.0,0.0,0.0,4
C39550,558.27,558.27,1,1.0,558.27,1.0,0.0,0.0,1,48,0.0,0.0,0.0,0.0,1.0,0.0,0.0,0.0,0.0,1.0,0.0,0.0,0.0,0.0,1.0,0.0,0.0,6
C39551,76.93,76.93,1,1.0,76.93,6.0,1.0,0.0,1,877,0.0,0.0,1.0,0.0,0.0,0.0,0.0,0.0,1.0,0.0,0.0,0.0,0.0,1.0,0.0,0.0,0.0,8
C39593,2078.13,2078.13,1,3.0,692.71,3.0,1.0,0.0,1,585,0.0,1.0,0.0,0.0,0.0,0.0,0.0,0.0,1.0,0.0,0.0,0.0,0.0,0.0,1.0,0.0,0.0,6
C39638,2161.32,2161.32,1,4.0,540.33,6.0,0.0,0.0,1,123,1.0,0.0,0.0,0.0,0.0,0.0,0.0,1.0,0.0,0.0,0.0,0.0,1.0,0.0,0.0,0.0,0.0,1
C39639,65.95,65.95,1,1.0,65.95,5.0,0.0,0.0,1,167,0.0,1.0,0.0,0.0,0.0,0.0,1.0,0.0,0.0,0.0,0.0,0.0,0.0,1.0,0.0,0.0,0.0,8
C39648,465.33,465.33,1,1.0,465.33,2.0,1.0,0.0,1,579,0.0,0.0,0.0,1.0,0.0,0.0,0.0,1.0,0.0,0.0,1.0,0.0,0.0,0.0,0.0,0.0,0.0,0
C39664,946.25,946.25,1,5.0,189.25,10.0,1.0,1.0,1,340,0.0,0.0,1.0,0.0,0.0,1.0,0.0,0.0,0.0,0.0,0.0,1.0,0.0,0.0,0.0,0.0,0.0,4
C39671,217.56,217.56,1,1.0,217.56,3.0,0.0,0.0,1,552,0.0,0.0,1.0,0.0,0.0,0.0,1.0,0.0,0.0,0.0,0.0,0.0,1.0,0.0,0.0,0.0,0.0,1
C39791,597.06,597.06,1,2.0,298.53,5.0,1.0,1.0,1,532,0.0,0.0,1.0,0.0,0.0,1.0,0.0,0.0,0.0,0.0,1.0,0.0,0.0,0.0,0.0,0.0,0.0,0
C39906,75.01,75.01,1,1.0,75.01,3.0,0.0,1.0,1,352,0.0,1.0,0.0,0.0,0.0,0.0,0.0,1.0,0.0,0.0,0.0,0.0,0.0,0.0,0.0,1.0,0.0,7
C39911,2073.6,2073.6,1,4.0,518.4,7.0,1.0,0.0,1,673,0.0,1.0,0.0,0.0,0.0,0.0,1.0,0.0,0.0,0.0,0.0,0.0,0.0,0.0,1.0,0.0,0.0,6
C40136,1039.56,1039.56,1,3.0,346.52,3.0,1.0,0.0,1,845,0.0,1.0,0.0,0.0,0.0,0.0,0.0,1.0,0.0,0.0,0.0,0.0,0.0,0.0,0.0,1.0,0.0,7
C40140,363.2,363.2,1,5.0,72.64,7.0,0.0,1.0,1,496,0.0,1.0,0.0,0.0,0.0,1.0,0.0,0.0,0.0,0.0,0.0,0.0,0.0,0.0,1.0,0.0,0.0,6
C40201,185.82,185.82,1,2.0,92.91,3.0,1.0,1.0,1,279,1.0,0.0,0.0,0.0,0.0,0.0,0.0,0.0,1.0,0.0,0.0,0.0,1.0,0.0,0.0,0.0,0.0,1
C40304,479.36,479.36,1,4.0,119.84,8.0,1.0,0.0,1,30,0.0,0.0,0.0,1.0,0.0,0.0,0.0,0.0,0.0,1.0,0.0,0.0,1.0,0.0,0.0,0.0,0.0,1
C40427,613.98,613.98,1,1.0,613.98,4.0,1.0,0.0,1,681,0.0,0.0,0.0,0.0,1.0,0.0,1.0,0.0,0.0,0.0,0.0,0.0,0.0,0.0,1.0,0.0,0.0,6
C40466,541.64,541.64,1,1.0,541.64,5.0,1.0,0.0,1,300,0.0,0.0,1.0,0.0,0.0,1.0,0.0,0.0,0.0,0.0,0.0,1.0,0.0,0.0,0.0,0.0,0.0,4
C40538,423.64,423.64,1,2.0,211.82,4.0,1.0,1.0,1,218,0.0,0.0,0.0,1.0,0.0,1.0,0.0,0.0,0.0,0.0,0.0,1.0,0.0,0.0,0.0,0.0,0.0,4
C40648,603.76,603.76,1,2.0,301.88,5.0,1.0,1.0,1,845,0.0,0.0,0.0,1.0,0.0,1.0,0.0,0.0,0.0,0.0,0.0,0.0,1.0,0.0,0.0,0.0,0.0,1
C40771,697.96,697.96,1,4.0,174.49,5.0,1.0,0.0,1,199,0.0,1.0,0.0,0.0,0.0,0.0,1.0,0.0,0.0,0.0,0.0,0.0,1.0,0.0,0.0,0.0,0.0,1
C40798,1081.98,1081.98,1,3.0,360.66,5.0,1.0,1.0,1,880,0.0,0.0,0.0,0.0,1.0,0.0,0.0,0.0,1.0,0.0,0.0,0.0,0.0,0.0,0.0,0.0,1.0,3
C40863,489.39,489.39,1,3.0,163.13,5.0,1.0,0.0,1,219,0.0,0.0,0.0,1.0,0.0,0.0,1.0,0.0,0.0,0.0,1.0,0.0,0.0,0.0,0.0,0.0,0.0,0
C40882,868.52,868.52,1,4.0,217.13,8.0,1.0,0.0,1,158,1.0,0.0,0.0,0.0,0.0,1.0,0.0,0.0,0.0,0.0,0.0,1.0,0.0,0.0,0.0,0.0,0.0,4
C40949,1105.26,1105.26,1,2.0,552.63,7.0,1.0,0.0,1,304,0.0,0.0,1.0,0.0,0.0,0.0,0.0,0.0,1.0,0.0,0.0,0.0,0.0,1.0,0.0,0.0,0.0,8
C40967,287.25,287.25,1,5.0,57.45,10.0,0.0,1.0,1,107,1.0,0.0,0.0,0.0,0.0,0.0,1.0,0.0,0.0,0.0,0.0,0.0,0.0,1.0,0.0,0.0,0.0,8
C41132,381.61,381.61,1,1.0,381.61,5.0,0.0,0.0,1,820,0.0,0.0,1.0,0.0,0.0,1.0,0.0,0.0,0.0,0.0,1.0,0.0,0.0,0.0,0.0,0.0,0.0,0
C41137,1347.39,1347.39,1,3.0,449.13,5.0,1.0,1.0,1,155,1.0,0.0,0.0,0.0,0.0,0.0,0.0,0.0,0.0,1.0,1.0,0.0,0.0,0.0,0.0,0.0,0.0,0
C41284,737.92,737.92,1,4.0,184.48,4.0,1.0,1.0,1,457,0.0,0.0,0.0,0.0,1.0,0.0,0.0,1.0,0.0,0.0,0.0,0.0,1.0,0.0,0.0,0.0,0.0,1
C41320,1709.52,1709.52,1,3.0,569.84,8.0,1.0,1.0,1,331,0.0,0.0,0.0,1.0,0.0,0.0,0.0,0.0,1.0,0.0,0.0,0.0,0.0,0.0,0.0,1.0,0.0,7
C41331,1203.05,1203.05,1,5.0,240.61,10.0,1.0,0.0,1,768,0.0,1.0,0.0,0.0,0.0,1.0,0.0,0.0,0.0,0.0,0.0,0.0,0.0,1.0,0.0,0.0,0.0,8
C41460,747.75,747.75,1,5.0,149.55,9.0,1.0,0.0,1,781,1.0,0.0,0.0,0.0,0.0,0.0,1.0,0.0,0.0,0.0,0.0,0.0,0.0,1.0,0.0,0.0,0.0,8
C41478,2138.28,2138.28,1,4.0,534.57,6.0,1.0,0.0,1,688,0.0,1.0,0.0,0.0,0.0,0.0,1.0,0.0,0.0,0.0,0.0,0.0,0.0,0.0,0.0,1.0,0.0,2
C41508,429.96,429.96,1,4.0,107.49,5.0,0.0,0.0,1,371,1.0,0.0,0.0,0.0,0.0,0.0,0.0,1.0,0.0,0.0,0.0,0.0,0.0,0.0,0.0,1.0,0.0,7
C41598,1472.76,1472.76,1,3.0,490.92,5.0,1.0,0.0,1,568,0.0,1.0,0.0,0.0,0.0,1.0,0.0,0.0,0.0,0.0,1.0,0.0,0.0,0.0,0.0,0.0,0.0,0
C41709,712.7,712.7,1,2.0,356.35,6.0,1.0,1.0,1,746,0.0,0.0,1.0,0.0,0.0,0.0,1.0,0.0,0.0,0.0,0.0,1.0,0.0,0.0,0.0,0.0,0.0,4
C41903,160.8,160.8,1,3.0,53.6,4.0,1.0,0.0,1,631,1.0,0.0,0.0,0.0,0.0,0.0,1.0,0.0,0.0,0.0,0.0,1.0,0.0,0.0,0.0,0.0,0.0,4
C41974,2099.79,2099.79,1,3.0,699.93,7.0,1.0,1.0,1,213,1.0,0.0,0.0,0.0,0.0,0.0,0.0,1.0,0.0,0.0,0.0,0.0,1.0,0.0,0.0,0.0,0.0,1
C42108,641.36,641.36,1,2.0,320.68,5.0,1.0,0.0,1,377,0.0,1.0,0.0,0.0,0.0,0.0,0.0,0.0,0.0,1.0,0.0,1.0,0.0,0.0,0.0,0.0,0.0,4
C42235,1193.44,1193.44,1,4.0,298.36,8.0,1.0,0.0,1,609,0.0,0.0,1.0,0.0,0.0,0.0,0.0,1.0,0.0,0.0,1.0,0.0,0.0,0.0,0.0,0.0,0.0,0
C42270,482.98,482.98,1,2.0,241.49,7.0,1.0,1.0,1,433,0.0,0.0,1.0,0.0,0.0,0.0,0.0,0.0,1.0,0.0,0.0,0.0,0.0,0.0,1.0,0.0,0.0,6
C42306,612.81,612.81,1,3.0,204.27,4.0,0.0,1.0,1,434,0.0,0.0,0.0,0.0,1.0,0.0,0.0,1.0,0.0,0.0,0.0,0.0,0.0,0.0,1.0,0.0,0.0,6
C42365,214.08,214.08,1,1.0,214.08,2.0,1.0,1.0,1,220,0.0,0.0,0.0,1.0,0.0,0.0,0.0,1.0,0.0,0.0,0.0,0.0,0.0,0.0,0.0,0.0,1.0,3
C42372,1093.0,1093.0,1,4.0,273.25,5.0,1.0,1.0,1,83,0.0,0.0,1.0,0.0,0.0,0.0,0.0,0.0,0.0,1.0,0.0,0.0,0.0,0.0,1.0,0.0,0.0,6
C42451,665.05,665.05,1,5.0,133.01,10.0,0.0,1.0,1,81,0.0,1.0,0.0,0.0,0.0,0.0,1.0,0.0,0.0,0.0,0.0,0.0,0.0,0.0,0.0,0.0,1.0,3
C42577,399.98,399.98,1,1.0,399.98,3.0,1.0,0.0,1,342,0.0,0.0,1.0,0.0,0.0,1.0,0.0,0.0,0.0,0.0,0.0,0.0,0.0,1.0,0.0,0.0,0.0,8
C42949,660.66,660.66,1,1.0,660.66,3.0,1.0,0.0,1,580,0.0,0.0,1.0,0.0,0.0,0.0,0.0,0.0,1.0,0.0,0.0,0.0,0.0,0.0,0.0,1.0,0.0,7
C43124,2773.44,2773.44,1,4.0,693.36,8.0,0.0,0.0,1,789,0.0,0.0,0.0,0.0,1.0,0.0,0.0,0.0,1.0,0.0,1.0,0.0,0.0,0.0,0.0,0.0,0.0,2
C43212,2200.56,2200.56,1,4.0,550.14,4.0,1.0,0.0,1,370,0.0,0.0,1.0,0.0,0.0,0.0,0.0,0.0,1.0,0.0,0.0,0.0,0.0,1.0,0.0,0.0,0.0,8
C43249,1391.43,1391.43,1,3.0,463.81,8.0,1.0,1.0,1,115,0.0,0.0,0.0,0.0,1.0,1.0,0.0,0.0,0.0,0.0,0.0,0.0,0.0,0.0,0.0,1.0,0.0,7
C43330,580.47,580.47,1,3.0,193.49,6.0,1.0,1.0,1,552,0.0,0.0,0.0,1.0,0.0,0.0,1.0,0.0,0.0,0.0,0.0,0.0,0.0,1.0,0.0,0.0,0.0,8
C43335,548.24,548.24,1,2.0,274.12,6.0,1.0,0.0,1,3,1.0,0.0,0.0,0.0,0.0,0.0,0.0,0.0,0.0,1.0,0.0,0.0,0.0,0.0,1.0,0.0,0.0,6
C43338,1435.95,1435.95,1,3.0,478.65,4.0,0.0,0.0,1,782,0.0,0.0,0.0,0.0,1.0,0.0,0.0,0.0,0.0,1.0,0.0,0.0,0.0,1.0,0.0,0.0,0.0,8
C43443,3129.85,3129.85,1,5.0,625.97,9.0,1.0,1.0,1,550,0.0,1.0,0.0,0.0,0.0,0.0,0.0,0.0,1.0,0.0,0.0,0.0,0.0,0.0,0.0,0.0,1.0,2
C43524,2621.3,2621.3,1,5.0,524.26,5.0,1.0,0.0,1,538,0.0,0.0,0.0,1.0,0.0,0.0,0.0,0.0,0.0,1.0,0.0,0.0,0.0,0.0,1.0,0.0,0.0,2
C43538,1290.18,1290.18,1,3.0,430.06,8.0,1.0,1.0,1,49,0.0,0.0,0.0,1.0,0.0,0.0,0.0,0.0,1.0,0.0,0.0,1.0,0.0,0.0,0.0,0.0,0.0,4
C43545,1876.25,1876.25,1,5.0,375.25,9.0,1.0,0.0,1,191,0.0,0.0,0.0,1.0,0.0,1.0,0.0,0.0,0.0,0.0,0.0,0.0,0.0,1.0,0.0,0.0,0.0,8
C43546,485.91,485.91,1,3.0,161.97,4.0,1.0,0.0,1,23,1.0,0.0,0.0,0.0,0.0,1.0,0.0,0.0,0.0,0.0,0.0,0.0,0.0,1.0,0.0,0.0,0.0,8
C43595,2807.4,2807.4,1,5.0,561.48,9.0,1.0,0.0,1,49,0.0,0.0,0.0,0.0,1.0,0.0,1.0,0.0,0.0,0.0,0.0,0.0,0.0,0.0,0.0,1.0,0.0,2
C43721,131.61,131.61,1,1.0,131.61,2.0,1.0,0.0,1,876,1.0,0.0,0.0,0.0,0.0,0.0,1.0,0.0,0.0,0.0,0.0,0.0,0.0,0.0,1.0,0.0,0.0,6
C43842,1303.14,1303.14,1,2.0,651.57,7.0,1.0,0.0,1,255,0.0,0.0,1.0,0.0,0.0,0.0,1.0,0.0,0.0,0.0,1.0,0.0,0.0,0.0,0.0,0.0,0.0,0
C43867,524.06,524.06,1,1.0,524.06,3.0,1.0,0.0,1,341,0.0,0.0,1.0,0.0,0.0,1.0,0.0,0.0,0.0,0.0,0.0,0.0,0.0,0.0,0.0,0.0,1.0,3
C43911,1674.84,1674.84,1,4.0,418.71,8.0,1.0,0.0,1,751,1.0,0.0,0.0,0.0,0.0,0.0,0.0,0.0,1.0,0.0,1.0,0.0,0.0,0.0,0.0,0.0,0.0,0
C43919,1804.8,1804.8,1,3.0,601.6,7.0,1.0,1.0,1,257,0.0,1.0,0.0,0.0,0.0,0.0,1.0,0.0,0.0,0.0,0.0,0.0,0.0,0.0,0.0,0.0,1.0,3
C43965,359.92,359.92,1,2.0,179.96,5.0,0.0,0.0,1,171,0.0,0.0,0.0,1.0,0.0,0.0,0.0,0.0,1.0,0.0,0.0,0.0,0.0,0.0,0.0,0.0,1.0,3
C44148,1505.72,1505.72,1,4.0,376.43,5.0,1.0,0.0,1,141,0.0,0.0,0.0,1.0,0.0,0.0,0.0,0.0,1.0,0.0,0.0,1.0,0.0,0.0,0.0,0.0,0.0,4
C44176,77.64,77.64,1,1.0,77.64,1.0,1.0,0.0,1,123,0.0,1.0,0.0,0.0,0.0,0.0,1.0,0.0,0.0,0.0,0.0,1.0,0.0,0.0,0.0,0.0,0.0,4
C44267,853.4,853.4,1,2.0,426.7,5.0,1.0,0.0,1,101,0.0,0.0,0.0,0.0,1.0,0.0,0.0,0.0,0.0,1.0,0.0,0.0,0.0,1.0,0.0,0.0,0.0,8
C44277,458.63,458.63,1,1.0,458.63,4.0,1.0,1.0,1,429,0.0,0.0,1.0,0.0,0.0,0.0,0.0,0.0,0.0,1.0,0.0,0.0,0.0,0.0,0.0,0.0,1.0,3
C44366,776.44,776.44,1,2.0,388.22,2.0,1.0,0.0,1,909,1.0,0.0,0.0,0.0,0.0,0.0,0.0,0.0,1.0,0.0,0.0,0.0,1.0,0.0,0.0,0.0,0.0,1
C44492,277.05,277.05,1,5.0,55.41,5.0,0.0,1.0,1,616,0.0,0.0,0.0,0.0,1.0,0.0,0.0,1.0,0.0,0.0,0.0,0.0,1.0,0.0,0.0,0.0,0.0,1
C44619,475.11,475.11,1,3.0,158.37,6.0,0.0,0.0,1,118,1.0,0.0,0.0,0.0,0.0,0.0,0.0,0.0,0.0,1.0,0.0,0.0,0.0,1.0,0.0,0.0,0.0,8
C44674,627.34,627.34,1,1.0,627.34,1.0,0.0,0.0,1,232,0.0,0.0,0.0,0.0,1.0,0.0,0.0,0.0,0.0,1.0,0.0,0.0,1.0,0.0,0.0,0.0,0.0,1
C44733,87.06,87.06,1,1.0,87.06,4.0,1.0,0.0,1,122,0.0,1.0,0.0,0.0,0.0,1.0,0.0,0.0,0.0,0.0,0.0,1.0,0.0,0.0,0.0,0.0,0.0,4
C44778,153.0,153.0,1,1.0,153.0,4.0,0.0,1.0,1,615,0.0,1.0,0.0,0.0,0.0,0.0,0.0,0.0,0.0,1.0,0.0,0.0,0.0,0.0,1.0,0.0,0.0,6
C45104,687.89,687.89,1,1.0,687.89,1.0,1.0,1.0,1,15,1.0,0.0,0.0,0.0,0.0,1.0,0.0,0.0,0.0,0.0,0.0,0.0,0.0,0.0,0.0,0.0,1.0,3
C45175,70.82,70.82,1,1.0,70.82,1.0,1.0,0.0,1,905,0.0,0.0,0.0,1.0,0.0,0.0,0.0,0.0,1.0,0.0,0.0,0.0,0.0,0.0,1.0,0.0,0.0,6
C45187,420.65,420.65,1,5.0,84.13,9.0,1.0,0.0,1,734,0.0,0.0,0.0,0.0,1.0,0.0,0.0,1.0,0.0,0.0,0.0,1.0,0.0,0.0,0.0,0.0,0.0,4
C45482,198.2,198.2,1,2.0,99.1,6.0,0.0,0.0,1,845,1.0,0.0,0.0,0.0,0.0,0.0,0.0,0.0,1.0,0.0,0.0,0.0,0.0,1.0,0.0,0.0,0.0,8
C45599,2379.75,2379.75,1,5.0,475.95,8.0,1.0,1.0,1,866,0.0,1.0,0.0,0.0,0.0,0.0,1.0,0.0,0.0,0.0,0.0,0.0,0.0,0.0,0.0,1.0,0.0,2
C45671,1314.96,1314.96,1,2.0,657.48,5.0,1.0,0.0,1,487,0.0,0.0,0.0,0.0,1.0,0.0,0.0,0.0,0.0,1.0,0.0,0.0,0.0,0.0,0.0,0.0,1.0,3
C45862,176.1,176.1,1,1.0,176.1,1.0,1.0,0.0,1,703,0.0,1.0,0.0,0.0,0.0,0.0,0.0,0.0,1.0,0.0,1.0,0.0,0.0,0.0,0.0,0.0,0.0,0
C45899,1285.96,1285.96,1,2.0,642.98,7.0,1.0,1.0,1,556,0.0,0.0,1.0,0.0,0.0,1.0,0.0,0.0,0.0,0.0,0.0,0.0,0.0,1.0,0.0,0.0,0.0,8
C46015,1812.3,1812.3,1,5.0,362.46,6.0,1.0,0.0,1,225,1.0,0.0,0.0,0.0,0.0,0.0,0.0,0.0,1.0,0.0,0.0,0.0,1.0,0.0,0.0,0.0,0.0,1
C46210,1286.64,1286.64,1,3.0,428.88,3.0,1.0,0.0,1,280,0.0,0.0,1.0,0.0,0.0,0.0,1.0,0.0,0.0,0.0,0.0,0.0,1.0,0.0,0.0,0.0,0.0,1
C46316,930.36,930.36,1,2.0,465.18,2.0,1.0,1.0,1,56,0.0,1.0,0.0,0.0,0.0,0.0,0.0,1.0,0.0,0.0,0.0,0.0,1.0,0.0,0.0,0.0,0.0,1
C46504,745.84,745.84,1,2.0,372.92,7.0,1.0,0.0,1,861,0.0,1.0,0.0,0.0,0.0,1.0,0.0,0.0,0.0,0.0,0.0,0.0,0.0,0.0,0.0,0.0,1.0,3
C46509,1174.98,1174.98,1,2.0,587.49,6.0,1.0,1.0,1,490,0.0,0.0,0.0,1.0,0.0,0.0,0.0,0.0,0.0,1.0,1.0,0.0,0.0,0.0,0.0,0.0,0.0,0
C46557,237.18,237.18,1,2.0,118.59,2.0,0.0,0.0,1,470,0.0,1.0,0.0,0.0,0.0,1.0,0.0,0.0,0.0,0.0,0.0,1.0,0.0,0.0,0.0,0.0,0.0,4
C46651,1360.8899999999999,680.4449999999999,2,2.5,239.025,5.0,1.0,0.0,2,468,1.0,0.0,0.0,0.0,0.0,0.0,0.5,0.0,0.5,0.0,0.5,0.0,0.0,0.5,0.0,0.0,0.0,5
C46873,1965.16,1965.16,1,4.0,491.29,6.0,0.0,0.0,1,298,0.0,0.0,1.0,0.0,0.0,1.0,0.0,0.0,0.0,0.0,0.0,1.0,0.0,0.0,0.0,0.0,0.0,4
C46877,210.7,210.7,1,1.0,210.7,2.0,1.0,0.0,1,149,0.0,0.0,0.0,0.0,1.0,0.0,0.0,0.0,0.0,1.0,0.0,0.0,1.0,0.0,0.0,0.0,0.0,1
C46886,1849.17,1849.17,1,3.0,616.39,6.0,1.0,0.0,1,23,0.0,1.0,0.0,0.0,0.0,0.0,0.0,0.0,1.0,0.0,0.0,1.0,0.0,0.0,0.0,0.0,0.0,4
C46920,1362.12,1362.12,1,2.0,681.06,3.0,1.0,0.0,1,527,0.0,0.0,1.0,0.0,0.0,0.0,1.0,0.0,0.0,0.0,0.0,0.0,1.0,0.0,0.0,0.0,0.0,1
C46967,1026.84,1026.84,1,2.0,513.42,5.0,1.0,0.0,1,556,0.0,0.0,0.0,0.0,1.0,0.0,0.0,0.0,1.0,0.0,0.0,0.0,0.0,0.0,0.0,0.0,1.0,3
C47022,500.97,500.97,1,3.0,166.99,8.0,0.0,1.0,1,450,1.0,0.0,0.0,0.0,0.0,0.0,1.0,0.0,0.0,0.0,0.0,0.0,0.0,1.0,0.0,0.0,0.0,8
C47086,609.16,609.16,1,4.0,152.29,6.0,1.0,1.0,1,692,0.0,0.0,1.0,0.0,0.0,0.0,0.0,1.0,0.0,0.0,0.0,0.0,0.0,0.0,1.0,0.0,0.0,6
C47283,263.96,263.96,1,1.0,263.96,2.0,1.0,1.0,1,414,0.0,0.0,0.0,1.0,0.0,0.0,0.0,1.0,0.0,0.0,0.0,0.0,0.0,1.0,0.0,0.0,0.0,8
C47284,893.01,893.01,1,3.0,297.67,6.0,0.0,0.0,1,283,0.0,0.0,0.0,0.0,1.0,0.0,0.0,1.0,0.0,0.0,0.0,0.0,0.0,0.0,1.0,0.0,0.0,6
C47307,1202.86,1202.86,1,2.0,601.43,5.0,1.0,0.0,1,607,0.0,0.0,0.0,0.0,1.0,0.0,0.0,0.0,1.0,0.0,1.0,0.0,0.0,0.0,0.0,0.0,0.0,0
C47365,82.0,82.0,1,2.0,41.0,7.0,0.0,0.0,1,59,0.0,0.0,0.0,0.0,1.0,1.0,0.0,0.0,0.0,0.0,0.0,0.0,1.0,0.0,0.0,0.0,0.0,1
C47486,320.92,320.92,1,1.0,320.92,5.0,1.0,1.0,1,209,0.0,0.0,0.0,0.0,1.0,0.0,1.0,0.0,0.0,0.0,1.0,0.0,0.0,0.0,0.0,0.0,0.0,0
C47761,1165.4,1165.4,1,4.0,291.35,6.0,1.0,1.0,1,835,0.0,1.0,0.0,0.0,0.0,0.0,1.0,0.0,0.0,0.0,0.0,0.0,0.0,0.0,0.0,1.0,0.0,7
C47778,3334.0,3334.0,1,5.0,666.8,7.0,1.0,0.0,1,610,0.0,0.0,1.0,0.0,0.0,0.0,0.0,0.0,0.0,1.0,0.0,0.0,0.0,0.0,0.0,1.0,0.0,2
C47823,956.72,956.72,1,2.0,478.36,3.0,0.0,0.0,1,210,0.0,0.0,0.0,0.0,1.0,0.0,0.0,1.0,0.0,0.0,0.0,0.0,0.0,0.0,1.0,0.0,0.0,6
C48120,280.25,280.25,1,1.0,280.25,5.0,1.0,0.0,1,96,0.0,0.0,0.0,0.0,1.0,1.0,0.0,0.0,0.0,0.0,1.0,0.0,0.0,0.0,0.0,0.0,0.0,0
C48176,1736.92,1736.92,1,4.0,434.23,8.0,1.0,0.0,1,225,0.0,0.0,0.0,0.0,1.0,1.0,0.0,0.0,0.0,0.0,0.0,0.0,0.0,0.0,0.0,1.0,0.0,7
C48207,833.62,833.62,1,2.0,416.81,2.0,0.0,1.0,1,450,1.0,0.0,0.0,0.0,0.0,0.0,1.0,0.0,0.0,0.0,0.0,0.0,0.0,0.0,0.0,1.0,0.0,7
C48453,3194.0,3194.0,1,5.0,638.8,10.0,1.0,1.0,1,377,0.0,0.0,1.0,0.0,0.0,0.0,0.0,0.0,0.0,1.0,0.0,1.0,0.0,0.0,0.0,0.0,0.0,2
C48510,1042.8,1042.8,1,2.0,521.4,7.0,1.0,0.0,1,76,1.0,0.0,0.0,0.0,0.0,0.0,0.0,0.0,1.0,0.0,0.0,0.0,1.0,0.0,0.0,0.0,0.0,1
C48531,30.54,30.54,1,1.0,30.54,1.0,0.0,1.0,1,206,0.0,0.0,1.0,0.0,0.0,0.0,0.0,1.0,0.0,0.0,0.0,0.0,0.0,0.0,0.0,0.0,1.0,3
C48577,1640.84,1640.84,1,4.0,410.21,5.0,1.0,0.0,1,337,1.0,0.0,0.0,0.0,0.0,0.0,0.0,0.0,1.0,0.0,0.0,0.0,0.0,0.0,0.0,1.0,0.0,7
C48601,414.47,414.47,1,1.0,414.47,3.0,1.0,1.0,1,766,0.0,0.0,1.0,0.0,0.0,0.0,0.0,0.0,1.0,0.0,0.0,0.0,0.0,0.0,0.0,1.0,0.0,7
C48646,1159.1,1159.1,1,5.0,231.82,6.0,1.0,0.0,1,382,0.0,0.0,1.0,0.0,0.0,0.0,1.0,0.0,0.0,0.0,0.0,0.0,0.0,0.0,1.0,0.0,0.0,6
C48649,204.36,204.36,1,3.0,68.12,3.0,1.0,1.0,1,342,0.0,0.0,0.0,0.0,1.0,1.0,0.0,0.0,0.0,0.0,0.0,0.0,0.0,1.0,0.0,0.0,0.0,8
C48713,159.8,159.8,1,5.0,31.96,5.0,1.0,1.0,1,478,0.0,1.0,0.0,0.0,0.0,0.0,0.0,0.0,0.0,1.0,0.0,0.0,0.0,0.0,0.0,1.0,0.0,7
C48790,107.7,107.7,1,5.0,21.54,10.0,0.0,1.0,1,344,0.0,0.0,0.0,1.0,0.0,0.0,0.0,1.0,0.0,0.0,0.0,0.0,1.0,0.0,0.0,0.0,0.0,1
C48846,904.1,904.1,1,2.0,452.05,3.0,1.0,1.0,1,31,0.0,1.0,0.0,0.0,0.0,1.0,0.0,0.0,0.0,0.0,0.0,0.0,0.0,0.0,0.0,1.0,0.0,7
C48939,2147.25,2147.25,1,5.0,429.45,5.0,1.0,1.0,1,727,0.0,0.0,0.0,1.0,0.0,1.0,0.0,0.0,0.0,0.0,0.0,0.0,0.0,0.0,0.0,1.0,0.0,2
C48942,2654.68,2654.68,1,4.0,663.67,7.0,1.0,0.0,1,584,0.0,1.0,0.0,0.0,0.0,0.0,0.0,1.0,0.0,0.0,0.0,0.0,0.0,0.0,0.0,0.0,1.0,2
C48946,309.85,309.85,1,5.0,61.97,6.0,1.0,0.0,1,60,1.0,0.0,0.0,0.0,0.0,1.0,0.0,0.0,0.0,0.0,0.0,0.0,1.0,0.0,0.0,0.0,0.0,1
C48965,299.35,299.35,1,1.0,299.35,5.0,1.0,1.0,1,609,0.0,1.0,0.0,0.0,0.0,1.0,0.0,0.0,0.0,0.0,0.0,0.0,0.0,0.0,0.0,1.0,0.0,7
C49009,537.4,537.4,1,5.0,107.48,9.0,1.0,1.0,1,888,0.0,0.0,1.0,0.0,0.0,1.0,0.0,0.0,0.0,0.0,0.0,0.0,0.0,0.0,0.0,1.0,0.0,7
C49111,1510.17,1510.17,1,3.0,503.39,5.0,0.0,0.0,1,124,0.0,0.0,0.0,0.0,1.0,0.0,1.0,0.0,0.0,0.0,0.0,0.0,0.0,1.0,0.0,0.0,0.0,8
C49137,598.46,598.46,1,2.0,299.23,2.0,1.0,1.0,1,3,0.0,1.0,0.0,0.0,0.0,0.0,0.0,0.0,1.0,0.0,0.0,1.0,0.0,0.0,0.0,0.0,0.0,4
C49187,535.5,535.5,1,1.0,535.5,5.0,1.0,1.0,1,846,0.0,0.0,0.0,1.0,0.0,0.0,0.0,0.0,0.0,1.0,0.0,0.0,0.0,0.0,0.0,0.0,1.0,3
C49198,1940.37,1940.37,1,3.0,646.79,5.0,1.0,1.0,1,684,1.0,0.0,0.0,0.0,0.0,0.0,0.0,1.0,0.0,0.0,0.0,0.0,0.0,1.0,0.0,0.0,0.0,8
C49282,253.7,253.7,1,5.0,50.74,7.0,1.0,1.0,1,747,0.0,0.0,0.0,1.0,0.0,0.0,0.0,1.0,0.0,0.0,1.0,0.0,0.0,0.0,0.0,0.0,0.0,0
C49491,114.7,114.7,1,5.0,22.94,10.0,0.0,0.0,1,811,1.0,0.0,0.0,0.0,0.0,1.0,0.0,0.0,0.0,0.0,1.0,0.0,0.0,0.0,0.0,0.0,0.0,0
C49517,594.96,594.96,1,1.0,594.96,6.0,0.0,1.0,1,178,1.0,0.0,0.0,0.0,0.0,0.0,1.0,0.0,0.0,0.0,0.0,0.0,0.0,0.0,0.0,1.0,0.0,7
C49605,457.82,457.82,1,2.0,228.91,4.0,1.0,0.0,1,417,0.0,0.0,1.0,0.0,0.0,0.0,0.0,0.0,0.0,1.0,0.0,0.0,0.0,1.0,0.0,0.0,0.0,8
C49710,1637.12,1637.12,1,4.0,409.28,8.0,0.0,0.0,1,535,1.0,0.0,0.0,0.0,0.0,1.0,0.0,0.0,0.0,0.0,1.0,0.0,0.0,0.0,0.0,0.0,0.0,0
C49720,391.83,391.83,1,3.0,130.61,4.0,1.0,1.0,1,6,0.0,0.0,1.0,0.0,0.0,0.0,1.0,0.0,0.0,0.0,0.0,0.0,0.0,0.0,0.0,1.0,0.0,7
C49726,17.98,17.98,1,1.0,17.98,6.0,1.0,1.0,1,595,1.0,0.0,0.0,0.0,0.0,1.0,0.0,0.0,0.0,0.0,0.0,0.0,0.0,0.0,0.0,0.0,1.0,3
C49831,1474.29,1474.29,1,3.0,491.43,6.0,1.0,0.0,1,579,0.0,0.0,0.0,1.0,0.0,0.0,0.0,0.0,1.0,0.0,0.0,1.0,0.0,0.0,0.0,0.0,0.0,4
C49838,1105.66,1105.66,1,2.0,552.83,3.0,0.0,1.0,1,372,0.0,1.0,0.0,0.0,0.0,0.0,0.0,0.0,0.0,1.0,0.0,0.0,0.0,0.0,0.0,1.0,0.0,7
C49938,62.12,62.12,1,1.0,62.12,2.0,0.0,1.0,1,301,1.0,0.0,0.0,0.0,0.0,1.0,0.0,0.0,0.0,0.0,0.0,0.0,0.0,1.0,0.0,0.0,0.0,8
C49995,984.44,984.44,1,4.0,246.11,4.0,1.0,0.0,1,831,0.0,1.0,0.0,0.0,0.0,0.0,0.0,0.0,1.0,0.0,0.0,0.0,1.0,0.0,0.0,0.0,0.0,1
C50087,366.33,366.33,1,3.0,122.11,4.0,1.0,0.0,1,624,0.0,0.0,0.0,0.0,1.0,1.0,0.0,0.0,0.0,0.0,1.0,0.0,0.0,0.0,0.0,0.0,0.0,0
C50097,2339.05,2339.05,1,5.0,467.81,10.0,0.0,1.0,1,344,0.0,0.0,0.0,0.0,1.0,0.0,1.0,0.0,0.0,0.0,1.0,0.0,0.0,0.0,0.0,0.0,0.0,2
C50114,98.16,98.16,1,2.0,49.08,7.0,1.0,1.0,1,93,0.0,0.0,1.0,0.0,0.0,0.0,0.0,0.0,1.0,0.0,0.0,0.0,0.0,1.0,0.0,0.0,0.0,8
C50121,583.18,583.18,1,1.0,583.18,5.0,0.0,1.0,1,403,0.0,1.0,0.0,0.0,0.0,0.0,0.0,1.0,0.0,0.0,0.0,0.0,0.0,0.0,1.0,0.0,0.0,6
C50137,59.19,59.19,1,3.0,19.73,3.0,0.0,0.0,1,725,0.0,0.0,0.0,0.0,1.0,0.0,0.0,0.0,0.0,1.0,0.0,0.0,0.0,0.0,1.0,0.0,0.0,6
C50159,667.02,667.02,1,3.0,222.34,5.0,1.0,1.0,1,582,0.0,1.0,0.0,0.0,0.0,1.0,0.0,0.0,0.0,0.0,0.0,0.0,0.0,0.0,0.0,1.0,0.0,7
C50211,53.0,53.0,1,2.0,26.5,3.0,1.0,0.0,1,435,0.0,0.0,0.0,0.0,1.0,0.0,0.0,0.0,1.0,0.0,0.0,0.0,0.0,0.0,0.0,0.0,1.0,3
C50236,2463.32,2463.32,1,4.0,615.83,4.0,1.0,1.0,1,37,0.0,0.0,0.0,0.0,1.0,0.0,0.0,0.0,1.0,0.0,0.0,1.0,0.0,0.0,0.0,0.0,0.0,2
C50274,1528.26,1528.26,1,3.0,509.42,5.0,1.0,1.0,1,709,0.0,1.0,0.0,0.0,0.0,0.0,0.0,1.0,0.0,0.0,0.0,0.0,0.0,1.0,0.0,0.0,0.0,8
C50275,269.65,269.65,1,5.0,53.93,7.0,1.0,0.0,1,300,0.0,0.0,0.0,1.0,0.0,0.0,0.0,0.0,1.0,0.0,0.0,0.0,0.0,0.0,1.0,0.0,0.0,6
C50304,930.3,930.3,1,2.0,465.15,2.0,1.0,0.0,1,206,0.0,0.0,0.0,0.0,1.0,0.0,1.0,0.0,0.0,0.0,0.0,0.0,0.0,1.0,0.0,0.0,0.0,8
C50415,2830.35,2830.35,1,5.0,566.07,6.0,1.0,0.0,1,264,0.0,1.0,0.0,0.0,0.0,0.0,0.0,0.0,1.0,0.0,0.0,0.0,0.0,1.0,0.0,0.0,0.0,2
C50422,1129.16,1129.16,1,2.0,564.58,4.0,1.0,1.0,1,130,0.0,0.0,0.0,0.0,1.0,0.0,1.0,0.0,0.0,0.0,0.0,0.0,0.0,1.0,0.0,0.0,0.0,8
C50565,411.34,411.34,1,1.0,411.34,5.0,0.0,1.0,1,301,0.0,0.0,1.0,0.0,0.0,0.0,0.0,0.0,1.0,0.0,0.0,0.0,0.0,0.0,0.0,0.0,1.0,3
C50612,226.64,226.64,1,4.0,56.66,4.0,1.0,0.0,1,536,0.0,0.0,0.0,0.0,1.0,0.0,0.0,0.0,1.0,0.0,1.0,0.0,0.0,0.0,0.0,0.0,0.0,0
C50682,501.96,501.96,1,2.0,250.98,5.0,0.0,0.0,1,217,0.0,1.0,0.0,0.0,0.0,0.0,0.0,1.0,0.0,0.0,0.0,0.0,0.0,1.0,0.0,0.0,0.0,8
C50683,576.42,576.42,1,2.0,288.21,5.0,0.0,1.0,1,625,0.0,0.0,1.0,0.0,0.0,1.0,0.0,0.0,0.0,0.0,1.0,0.0,0.0,0.0,0.0,0.0,0.0,0
C50732,590.04,590.04,1,4.0,147.51,4.0,1.0,0.0,1,202,0.0,0.0,1.0,0.0,0.0,0.0,0.0,0.0,1.0,0.0,1.0,0.0,0.0,0.0,0.0,0.0,0.0,0
C50967,364.8,364.8,1,2.0,182.4,5.0,1.0,1.0,1,878,0.0,0.0,0.0,1.0,0.0,0.0,0.0,0.0,0.0,1.0,0.0,0.0,0.0,0.0,1.0,0.0,0.0,6
C51024,489.8,489.8,1,1.0,489.8,4.0,1.0,0.0,1,699,0.0,0.0,0.0,1.0,0.0,0.0,1.0,0.0,0.0,0.0,0.0,0.0,0.0,1.0,0.0,0.0,0.0,8
C51145,2403.24,2403.24,1,4.0,600.81,9.0,1.0,0.0,1,441,0.0,0.0,1.0,0.0,0.0,1.0,0.0,0.0,0.0,0.0,0.0,0.0,0.0,0.0,0.0,1.0,0.0,2
C51157,1778.61,1778.61,1,3.0,592.87,3.0,1.0,0.0,1,653,0.0,0.0,0.0,1.0,0.0,0.0,0.0,0.0,0.0,1.0,0.0,1.0,0.0,0.0,0.0,0.0,0.0,4
C51404,378.12,378.12,1,2.0,189.06,7.0,1.0,0.0,1,530,0.0,0.0,0.0,1.0,0.0,0.0,1.0,0.0,0.0,0.0,0.0,0.0,0.0,1.0,0.0,0.0,0.0,8
C51481,1244.2,1244.2,1,5.0,248.84,10.0,0.0,1.0,1,739,0.0,0.0,1.0,0.0,0.0,0.0,0.0,0.0,1.0,0.0,0.0,0.0,0.0,1.0,0.0,0.0,0.0,8
C51494,977.74,977.74,1,2.0,488.87,4.0,1.0,1.0,1,115,0.0,0.0,0.0,0.0,1.0,0.0,0.0,1.0,0.0,0.0,0.0,0.0,1.0,0.0,0.0,0.0,0.0,1
C51694,1361.7,1361.7,1,2.0,680.85,6.0,1.0,0.0,1,310,0.0,0.0,0.0,1.0,0.0,0.0,0.0,0.0,0.0,1.0,1.0,0.0,0.0,0.0,0.0,0.0,0.0,0
C51811,1335.36,1335.36,1,3.0,445.12,8.0,0.0,1.0,1,760,0.0,0.0,0.0,1.0,0.0,0.0,0.0,1.0,0.0,0.0,1.0,0.0,0.0,0.0,0.0,0.0,0.0,0
C51898,898.44,898.44,1,4.0,224.61,6.0,1.0,1.0,1,525,0.0,1.0,0.0,0.0,0.0,0.0,1.0,0.0,0.0,0.0,0.0,0.0,0.0,0.0,0.0,1.0,0.0,7
C51921,1318.59,1318.59,1,3.0,439.53,5.0,0.0,0.0,1,690,0.0,0.0,1.0,0.0,0.0,0.0,0.0,1.0,0.0,0.0,0.0,0.0,1.0,0.0,0.0,0.0,0.0,1
C52184,162.77,162.77,1,1.0,162.77,4.0,1.0,1.0,1,757,0.0,0.0,0.0,0.0,1.0,0.0,1.0,0.0,0.0,0.0,1.0,0.0,0.0,0.0,0.0,0.0,0.0,0
C52313,836.52,836.52,1,2.0,418.26,2.0,1.0,0.0,1,590,0.0,0.0,1.0,0.0,0.0,0.0,0.0,1.0,0.0,0.0,0.0,0.0,0.0,0.0,1.0,0.0,0.0,6
C52342,369.15,369.15,1,5.0,73.83,9.0,0.0,0.0,1,144,0.0,0.0,1.0,0.0,0.0,0.0,0.0,0.0,1.0,0.0,0.0,0.0,1.0,0.0,0.0,0.0,0.0,1
C52604,506.5,506.5,1,5.0,101.3,7.0,1.0,0.0,1,220,0.0,0.0,0.0,0.0,1.0,1.0,0.0,0.0,0.0,0.0,0.0,0.0,0.0,0.0,0.0,1.0,0.0,7
C52717,2756.35,2756.35,1,5.0,551.27,7.0,1.0,1.0,1,73,0.0,0.0,0.0,0.0,1.0,0.0,0.0,0.0,0.0,1.0,0.0,1.0,0.0,0.0,0.0,0.0,0.0,2
C52751,1055.72,1055.72,1,4.0,263.93,4.0,1.0,0.0,1,613,0.0,0.0,1.0,0.0,0.0,0.0,1.0,0.0,0.0,0.0,0.0,0.0,1.0,0.0,0.0,0.0,0.0,1
C52879,3194.6,3194.6,1,5.0,638.92,5.0,1.0,1.0,1,56,0.0,1.0,0.0,0.0,0.0,0.0,0.0,1.0,0.0,0.0,0.0,0.0,0.0,0.0,0.0,0.0,1.0,2
C52914,839.96,839.96,1,4.0,209.99,8.0,0.0,0.0,1,835,1.0,0.0,0.0,0.0,0.0,0.0,0.0,1.0,0.0,0.0,0.0,1.0,0.0,0.0,0.0,0.0,0.0,4
C52915,657.08,657.08,1,2.0,328.54,6.0,1.0,1.0,1,566,0.0,0.0,0.0,1.0,0.0,1.0,0.0,0.0,0.0,0.0,0.0,0.0,0.0,0.0,0.0,1.0,0.0,7
C53049,1126.12,1126.12,1,2.0,563.06,6.0,0.0,1.0,1,577,1.0,0.0,0.0,0.0,0.0,0.0,0.0,0.0,1.0,0.0,0.0,0.0,1.0,0.0,0.0,0.0,0.0,1
C53070,2048.24,2048.24,1,4.0,512.06,5.0,1.0,0.0,1,446,0.0,0.0,0.0,0.0,1.0,0.0,0.0,1.0,0.0,0.0,1.0,0.0,0.0,0.0,0.0,0.0,0.0,0
C53215,265.38,265.38,1,1.0,265.38,6.0,1.0,1.0,1,742,0.0,1.0,0.0,0.0,0.0,1.0,0.0,0.0,0.0,0.0,0.0,0.0,0.0,1.0,0.0,0.0,0.0,8
C53252,570.32,570.32,1,4.0,142.58,4.0,1.0,0.0,1,401,1.0,0.0,0.0,0.0,0.0,0.0,1.0,0.0,0.0,0.0,0.0,0.0,0.0,0.0,0.0,1.0,0.0,7
C53277,1595.16,1595.16,1,3.0,531.72,7.0,1.0,0.0,1,133,0.0,0.0,0.0,1.0,0.0,0.0,0.0,1.0,0.0,0.0,0.0,1.0,0.0,0.0,0.0,0.0,0.0,4
C53334,1496.04,1496.04,1,3.0,498.68,4.0,1.0,1.0,1,695,0.0,0.0,0.0,0.0,1.0,1.0,0.0,0.0,0.0,0.0,1.0,0.0,0.0,0.0,0.0,0.0,0.0,0
C53464,3299.25,3299.25,1,5.0,659.85,9.0,1.0,0.0,1,367,0.0,1.0,0.0,0.0,0.0,0.0,1.0,0.0,0.0,0.0,0.0,0.0,0.0,0.0,0.0,1.0,0.0,2
C53488,410.52,410.52,1,3.0,136.84,3.0,1.0,0.0,1,415,1.0,0.0,0.0,0.0,0.0,0.0,1.0,0.0,0.0,0.0,0.0,1.0,0.0,0.0,0.0,0.0,0.0,4
C53501,249.57,249.57,1,1.0,249.57,3.0,1.0,0.0,1,388,1.0,0.0,0.0,0.0,0.0,0.0,0.0,1.0,0.0,0.0,0.0,0.0,0.0,1.0,0.0,0.0,0.0,8
C53545,1084.17,1084.17,1,3.0,361.39,8.0,0.0,0.0,1,733,0.0,1.0,0.0,0.0,0.0,0.0,0.0,0.0,0.0,1.0,0.0,1.0,0.0,0.0,0.0,0.0,0.0,4
C53627,1527.45,1527.45,1,5.0,305.49,10.0,0.0,0.0,1,601,0.0,0.0,1.0,0.0,0.0,0.0,0.0,0.0,0.0,1.0,0.0,0.0,0.0,0.0,1.0,0.0,0.0,6
C53631,595.89,595.89,1,3.0,198.63,8.0,1.0,0.0,1,20,1.0,0.0,0.0,0.0,0.0,0.0,0.0,0.0,1.0,0.0,0.0,0.0,0.0,1.0,0.0,0.0,0.0,8
C53645,1450.59,1450.59,1,3.0,483.53,4.0,0.0,1.0,1,137,1.0,0.0,0.0,0.0,0.0,0.0,0.0,0.0,0.0,1.0,1.0,0.0,0.0,0.0,0.0,0.0,0.0,0
C53697,827.36,827.36,1,4.0,206.84,5.0,1.0,1.0,1,735,1.0,0.0,0.0,0.0,0.0,0.0,0.0,0.0,1.0,0.0,0.0,0.0,0.0,1.0,0.0,0.0,0.0,8
C53810,2358.28,2358.28,1,4.0,589.57,8.0,0.0,0.0,1,390,1.0,0.0,0.0,0.0,0.0,0.0,0.0,0.0,1.0,0.0,0.0,0.0,0.0,0.0,1.0,0.0,0.0,2
C54160,1010.13,1010.13,1,3.0,336.71,4.0,0.0,0.0,1,749,0.0,1.0,0.0,0.0,0.0,1.0,0.0,0.0,0.0,0.0,0.0,1.0,0.0,0.0,0.0,0.0,0.0,4
C54277,519.16,519.16,1,2.0,259.58,7.0,1.0,0.0,1,111,0.0,0.0,1.0,0.0,0.0,0.0,0.0,0.0,1.0,0.0,0.0,0.0,0.0,0.0,0.0,0.0,1.0,3
C54298,1437.63,1437.63,1,3.0,479.21,5.0,1.0,1.0,1,772,1.0,0.0,0.0,0.0,0.0,0.0,0.0,0.0,0.0,1.0,0.0,0.0,0.0,0.0,0.0,0.0,1.0,3
C54390,580.74,580.74,1,3.0,193.58,7.0,1.0,0.0,1,179,0.0,0.0,0.0,1.0,0.0,1.0,0.0,0.0,0.0,0.0,0.0,0.0,0.0,0.0,0.0,1.0,0.0,7
C54409,1018.17,1018.17,1,3.0,339.39,7.0,1.0,1.0,1,68,1.0,0.0,0.0,0.0,0.0,0.0,0.0,1.0,0.0,0.0,0.0,1.0,0.0,0.0,0.0,0.0,0.0,4
C54494,352.92,352.92,1,2.0,176.46,2.0,1.0,0.0,1,668,0.0,1.0,0.0,0.0,0.0,1.0,0.0,0.0,0.0,0.0,0.0,0.0,0.0,0.0,0.0,0.0,1.0,3
C54499,668.48,668.48,1,1.0,668.48,1.0,1.0,0.0,1,576,0.0,0.0,1.0,0.0,0.0,1.0,0.0,0.0,0.0,0.0,0.0,0.0,0.0,1.0,0.0,0.0,0.0,8
C54595,121.96,121.96,1,1.0,121.96,3.0,0.0,0.0,1,105,0.0,0.0,1.0,0.0,0.0,0.0,0.0,1.0,0.0,0.0,0.0,0.0,0.0,0.0,1.0,0.0,0.0,6
C54675,1291.7,1291.7,1,2.0,645.85,5.0,0.0,0.0,1,912,0.0,0.0,0.0,0.0,1.0,0.0,0.0,0.0,0.0,1.0,1.0,0.0,0.0,0.0,0.0,0.0,0.0,0
C54725,289.32,289.32,1,2.0,144.66,7.0,1.0,1.0,1,53,0.0,0.0,0.0,0.0,1.0,0.0,0.0,1.0,0.0,0.0,1.0,0.0,0.0,0.0,0.0,0.0,0.0,0
C54759,109.29,109.29,1,1.0,109.29,5.0,1.0,1.0,1,216,0.0,0.0,1.0,0.0,0.0,0.0,0.0,1.0,0.0,0.0,0.0,0.0,1.0,0.0,0.0,0.0,0.0,1
C54829,312.55,312.55,1,5.0,62.51,9.0,1.0,0.0,1,785,1.0,0.0,0.0,0.0,0.0,0.0,0.0,0.0,1.0,0.0,1.0,0.0,0.0,0.0,0.0,0.0,0.0,0
C54886,355.15,355.15,1,1.0,355.15,2.0,1.0,1.0,1,371,1.0,0.0,0.0,0.0,0.0,1.0,0.0,0.0,0.0,0.0,0.0,0.0,0.0,0.0,1.0,0.0,0.0,6
C55164,1979.64,1979.64,1,3.0,659.88,3.0,0.0,1.0,1,838,0.0,0.0,0.0,1.0,0.0,0.0,0.0,1.0,0.0,0.0,0.0,0.0,0.0,0.0,0.0,0.0,1.0,3
C55205,793.4,793.4,1,4.0,198.35,7.0,1.0,1.0,1,448,1.0,0.0,0.0,0.0,0.0,0.0,0.0,1.0,0.0,0.0,0.0,0.0,0.0,0.0,0.0,0.0,1.0,3
C55286,2873.95,2873.95,1,5.0,574.79,8.0,1.0,0.0,1,496,0.0,1.0,0.0,0.0,0.0,0.0,0.0,0.0,0.0,1.0,0.0,0.0,0.0,0.0,0.0,0.0,1.0,2
C55354,684.22,684.22,1,2.0,342.11,2.0,1.0,0.0,1,305,0.0,0.0,0.0,1.0,0.0,0.0,0.0,0.0,1.0,0.0,0.0,1.0,0.0,0.0,0.0,0.0,0.0,4
C55388,1213.86,1213.86,1,3.0,404.62,6.0,1.0,0.0,1,827,0.0,0.0,0.0,1.0,0.0,0.0,0.0,0.0,1.0,0.0,0.0,0.0,0.0,0.0,0.0,0.0,1.0,3
C55454,677.48,677.48,1,1.0,677.48,1.0,1.0,0.0,1,792,0.0,0.0,0.0,0.0,1.0,0.0,1.0,0.0,0.0,0.0,0.0,0.0,0.0,1.0,0.0,0.0,0.0,8
C55464,601.36,601.36,1,1.0,601.36,1.0,0.0,0.0,1,232,0.0,0.0,0.0,0.0,1.0,0.0,1.0,0.0,0.0,0.0,0.0,0.0,0.0,0.0,1.0,0.0,0.0,6
C55590,625.51,625.51,1,1.0,625.51,1.0,1.0,0.0,1,194,0.0,1.0,0.0,0.0,0.0,0.0,1.0,0.0,0.0,0.0,0.0,0.0,0.0,0.0,0.0,1.0,0.0,7
C55606,1102.0,1102.0,1,4.0,275.5,8.0,1.0,0.0,1,59,0.0,0.0,0.0,1.0,0.0,0.0,0.0,1.0,0.0,0.0,0.0,1.0,0.0,0.0,0.0,0.0,0.0,4
C55632,2158.45,2158.45,1,5.0,431.69,10.0,0.0,0.0,1,696,0.0,1.0,0.0,0.0,0.0,0.0,1.0,0.0,0.0,0.0,1.0,0.0,0.0,0.0,0.0,0.0,0.0,2
C55636,1702.4,1702.4,1,4.0,425.6,5.0,1.0,0.0,1,802,0.0,1.0,0.0,0.0,0.0,0.0,0.0,1.0,0.0,0.0,0.0,0.0,0.0,1.0,0.0,0.0,0.0,8
C55757,922.26,922.26,1,2.0,461.13,4.0,0.0,1.0,1,660,0.0,0.0,0.0,1.0,0.0,1.0,0.0,0.0,0.0,0.0,0.0,0.0,0.0,0.0,0.0,1.0,0.0,7
C55778,551.9,551.9,1,5.0,110.38,10.0,0.0,0.0,1,600,1.0,0.0,0.0,0.0,0.0,0.0,0.0,0.0,0.0,1.0,0.0,1.0,0.0,0.0,0.0,0.0,0.0,4
C55819,1268.75,1268.75,1,5.0,253.75,9.0,1.0,0.0,1,669,0.0,0.0,0.0,0.0,1.0,0.0,0.0,0.0,1.0,0.0,1.0,0.0,0.0,0.0,0.0,0.0,0.0,0
C55996,2543.45,2543.45,1,5.0,508.69,10.0,1.0,0.0,1,718,1.0,0.0,0.0,0.0,0.0,0.0,0.0,1.0,0.0,0.0,0.0,0.0,0.0,0.0,0.0,1.0,0.0,2
C56266,640.88,640.88,1,4.0,160.22,9.0,1.0,1.0,1,276,0.0,0.0,1.0,0.0,0.0,0.0,0.0,0.0,1.0,0.0,0.0,1.0,0.0,0.0,0.0,0.0,0.0,4
C56506,773.52,773.52,1,3.0,257.84,4.0,0.0,0.0,1,478,0.0,0.0,0.0,0.0,1.0,0.0,0.0,0.0,1.0,0.0,0.0,0.0,0.0,0.0,1.0,0.0,0.0,6
C56553,212.43,212.43,1,3.0,70.81,8.0,1.0,0.0,1,351,0.0,1.0,0.0,0.0,0.0,0.0,0.0,0.0,0.0,1.0,0.0,0.0,0.0,0.0,0.0,0.0,1.0,3
C56564,507.48,507.48,1,2.0,253.74,5.0,1.0,0.0,1,118,0.0,0.0,0.0,0.0,1.0,0.0,0.0,1.0,0.0,0.0,0.0,0.0,0.0,0.0,1.0,0.0,0.0,6
C56622,1095.34,1095.34,1,2.0,547.67,3.0,0.0,0.0,1,84,0.0,0.0,0.0,1.0,0.0,0.0,0.0,0.0,1.0,0.0,0.0,0.0,0.0,0.0,1.0,0.0,0.0,6
C56722,110.35,110.35,1,5.0,22.07,7.0,1.0,1.0,1,89,0.0,0.0,0.0,0.0,1.0,0.0,0.0,0.0,1.0,0.0,0.0,0.0,0.0,0.0,0.0,0.0,1.0,3
C56796,678.38,678.38,1,1.0,678.38,4.0,1.0,1.0,1,137,0.0,1.0,0.0,0.0,0.0,0.0,0.0,0.0,0.0,1.0,0.0,0.0,0.0,0.0,1.0,0.0,0.0,6
C56851,958.15,958.15,1,5.0,191.63,6.0,1.0,0.0,1,609,0.0,0.0,0.0,1.0,0.0,0.0,1.0,0.0,0.0,0.0,1.0,0.0,0.0,0.0,0.0,0.0,0.0,0
C56928,1435.0,1435.0,1,4.0,358.75,9.0,1.0,0.0,1,539,0.0,0.0,0.0,1.0,0.0,0.0,1.0,0.0,0.0,0.0,0.0,0.0,1.0,0.0,0.0,0.0,0.0,1
C56938,1117.8,1117.8,1,3.0,372.6,7.0,1.0,0.0,1,18,0.0,1.0,0.0,0.0,0.0,0.0,0.0,0.0,0.0,1.0,0.0,0.0,1.0,0.0,0.0,0.0,0.0,1
C56969,193.0,96.5,2,1.5,62.300000000000004,4.0,1.0,0.0,1,539,0.0,0.0,0.5,0.5,0.0,0.5,0.5,0.0,0.0,0.0,0.0,0.0,0.0,0.0,0.0,0.0,1.0,3
C57093,553.41,553.41,1,3.0,184.47,4.0,0.0,1.0,1,509,0.0,0.0,0.0,0.0,1.0,0.0,0.0,0.0,0.0,1.0,0.0,0.0,0.0,0.0,0.0,0.0,1.0,3
C57276,3456.4,3456.4,1,5.0,691.28,10.0,1.0,0.0,1,684,0.0,0.0,0.0,0.0,1.0,1.0,0.0,0.0,0.0,0.0,0.0,0.0,0.0,0.0,0.0,0.0,1.0,2
C57502,2242.32,2242.32,1,4.0,560.58,6.0,1.0,1.0,1,751,0.0,0.0,0.0,1.0,0.0,0.0,0.0,0.0,0.0,1.0,0.0,0.0,0.0,0.0,0.0,0.0,1.0,2
C57601,294.6,294.6,1,4.0,73.65,9.0,0.0,0.0,1,295,0.0,0.0,1.0,0.0,0.0,0.0,0.0,1.0,0.0,0.0,0.0,0.0,0.0,1.0,0.0,0.0,0.0,8
C57798,2308.32,2308.32,1,4.0,577.08,8.0,0.0,0.0,1,446,0.0,0.0,0.0,0.0,1.0,0.0,1.0,0.0,0.0,0.0,0.0,1.0,0.0,0.0,0.0,0.0,0.0,2
C57861,915.48,915.48,1,3.0,305.16,8.0,1.0,1.0,1,116,0.0,1.0,0.0,0.0,0.0,0.0,0.0,0.0,0.0,1.0,0.0,0.0,0.0,0.0,0.0,1.0,0.0,7
C57867,1543.68,1543.68,1,4.0,385.92,8.0,0.0,1.0,1,776,0.0,1.0,0.0,0.0,0.0,0.0,0.0,0.0,1.0,0.0,1.0,0.0,0.0,0.0,0.0,0.0,0.0,0
C58063,987.26,987.26,1,2.0,493.63,6.0,1.0,1.0,1,324,0.0,0.0,0.0,0.0,1.0,0.0,0.0,0.0,0.0,1.0,0.0,0.0,0.0,1.0,0.0,0.0,0.0,8
C58108,2517.36,2517.36,1,4.0,629.34,4.0,1.0,1.0,1,812,1.0,0.0,0.0,0.0,0.0,0.0,0.0,0.0,1.0,0.0,0.0,0.0,0.0,0.0,0.0,0.0,1.0,2
C58156,95.1,95.1,1,1.0,95.1,1.0,1.0,0.0,1,228,0.0,0.0,0.0,1.0,0.0,0.0,0.0,0.0,1.0,0.0,0.0,0.0,0.0,0.0,0.0,1.0,0.0,7
C58168,754.44,754.44,1,3.0,251.48,4.0,0.0,1.0,1,403,0.0,1.0,0.0,0.0,0.0,1.0,0.0,0.0,0.0,0.0,0.0,0.0,0.0,0.0,1.0,0.0,0.0,6
C58341,639.83,639.83,1,1.0,639.83,2.0,1.0,0.0,1,462,0.0,0.0,1.0,0.0,0.0,0.0,0.0,0.0,0.0,1.0,0.0,0.0,0.0,0.0,1.0,0.0,0.0,6
C58410,645.46,645.46,1,1.0,645.46,5.0,1.0,1.0,1,690,0.0,0.0,0.0,1.0,0.0,0.0,0.0,1.0,0.0,0.0,0.0,1.0,0.0,0.0,0.0,0.0,0.0,4
C58443,848.64,848.64,1,2.0,424.32,6.0,0.0,1.0,1,666,0.0,1.0,0.0,0.0,0.0,0.0,0.0,0.0,0.0,1.0,0.0,0.0,0.0,0.0,0.0,0.0,1.0,3
C58503,1402.6,1402.6,1,5.0,280.52,7.0,1.0,1.0,1,42,0.0,1.0,0.0,0.0,0.0,0.0,1.0,0.0,0.0,0.0,0.0,0.0,0.0,1.0,0.0,0.0,0.0,8
C58638,1531.52,1531.52,1,4.0,382.88,6.0,1.0,1.0,1,457,1.0,0.0,0.0,0.0,0.0,1.0,0.0,0.0,0.0,0.0,0.0,0.0,1.0,0.0,0.0,0.0,0.0,1
C58721,617.58,617.58,1,3.0,205.86,4.0,0.0,0.0,1,120,0.0,0.0,0.0,1.0,0.0,1.0,0.0,0.0,0.0,0.0,0.0,0.0,0.0,0.0,0.0,0.0,1.0,3
C58773,2567.45,2567.45,1,5.0,513.49,8.0,0.0,1.0,1,491,0.0,0.0,0.0,1.0,0.0,0.0,0.0,1.0,0.0,0.0,0.0,0.0,0.0,0.0,0.0,1.0,0.0,2
C58808,539.66,539.66,1,2.0,269.83,4.0,1.0,0.0,1,235,0.0,0.0,0.0,0.0,1.0,1.0,0.0,0.0,0.0,0.0,1.0,0.0,0.0,0.0,0.0,0.0,0.0,0
C58858,674.64,674.64,1,2.0,337.32,4.0,1.0,1.0,1,211,0.0,1.0,0.0,0.0,0.0,1.0,0.0,0.0,0.0,0.0,1.0,0.0,0.0,0.0,0.0,0.0,0.0,0
C59139,458.35,458.35,1,5.0,91.67,9.0,1.0,1.0,1,50,0.0,0.0,0.0,0.0,1.0,1.0,0.0,0.0,0.0,0.0,0.0,0.0,0.0,0.0,0.0,0.0,1.0,3
C59169,2517.36,2517.36,1,4.0,629.34,7.0,0.0,0.0,1,722,1.0,0.0,0.0,0.0,0.0,1.0,0.0,0.0,0.0,0.0,1.0,0.0,0.0,0.0,0.0,0.0,0.0,2
C59183,3322.55,3322.55,1,5.0,664.51,8.0,1.0,0.0,1,854,0.0,0.0,1.0,0.0,0.0,1.0,0.0,0.0,0.0,0.0,0.0,0.0,0.0,0.0,1.0,0.0,0.0,2
C59278,2360.05,2360.05,1,5.0,472.01,10.0,1.0,1.0,1,259,0.0,0.0,0.0,1.0,0.0,1.0,0.0,0.0,0.0,0.0,0.0,0.0,1.0,0.0,0.0,0.0,0.0,2
C59337,1068.86,1068.86,1,2.0,534.43,5.0,0.0,0.0,1,54,0.0,0.0,1.0,0.0,0.0,0.0,1.0,0.0,0.0,0.0,0.0,0.0,1.0,0.0,0.0,0.0,0.0,1
C59338,2070.9,2070.9,1,3.0,690.3,6.0,1.0,0.0,1,492,0.0,1.0,0.0,0.0,0.0,0.0,0.0,1.0,0.0,0.0,0.0,0.0,0.0,0.0,0.0,1.0,0.0,2
C59441,2092.65,2092.65,1,5.0,418.53,6.0,1.0,0.0,1,508,0.0,1.0,0.0,0.0,0.0,0.0,0.0,1.0,0.0,0.0,0.0,0.0,0.0,1.0,0.0,0.0,0.0,8
C59554,912.08,912.08,1,2.0,456.04,4.0,1.0,1.0,1,197,0.0,0.0,1.0,0.0,0.0,1.0,0.0,0.0,0.0,0.0,0.0,0.0,0.0,0.0,1.0,0.0,0.0,6
C59572,542.07,542.07,1,1.0,542.07,6.0,1.0,0.0,1,826,1.0,0.0,0.0,0.0,0.0,0.0,0.0,0.0,0.0,1.0,0.0,0.0,0.0,1.0,0.0,0.0,0.0,8
C59579,897.7,897.7,1,2.0,448.85,6.0,0.0,0.0,1,910,0.0,1.0,0.0,0.0,0.0,0.0,0.0,0.0,1.0,0.0,0.0,0.0,0.0,0.0,0.0,0.0,1.0,3
C59685,788.32,788.32,1,2.0,394.16,2.0,0.0,0.0,1,887,0.0,0.0,0.0,0.0,1.0,0.0,0.0,0.0,0.0,1.0,0.0,0.0,0.0,1.0,0.0,0.0,0.0,8
C59724,819.5,819.5,1,2.0,409.75,2.0,1.0,0.0,1,204,0.0,0.0,1.0,0.0,0.0,0.0,1.0,0.0,0.0,0.0,0.0,0.0,0.0,0.0,0.0,0.0,1.0,3
C59752,1538.8,1538.8,1,5.0,307.76,9.0,1.0,0.0,1,908,0.0,0.0,0.0,1.0,0.0,0.0,0.0,1.0,0.0,0.0,0.0,0.0,0.0,0.0,1.0,0.0,0.0,6
C59774,72.6,72.6,1,1.0,72.6,6.0,1.0,1.0,1,442,0.0,0.0,1.0,0.0,0.0,0.0,0.0,0.0,1.0,0.0,0.0,0.0,0.0,1.0,0.0,0.0,0.0,8
C59823,640.28,640.28,1,4.0,160.07,5.0,0.0,0.0,1,588,0.0,0.0,0.0,0.0,1.0,1.0,0.0,0.0,0.0,0.0,0.0,0.0,0.0,0.0,1.0,0.0,0.0,6
C60029,1524.36,1524.36,1,3.0,508.12,8.0,1.0,1.0,1,907,0.0,1.0,0.0,0.0,0.0,0.0,0.0,0.0,0.0,1.0,1.0,0.0,0.0,0.0,0.0,0.0,0.0,0
C60037,1054.92,1054.92,1,2.0,527.46,3.0,1.0,1.0,1,166,0.0,0.0,1.0,0.0,0.0,0.0,0.0,0.0,0.0,1.0,0.0,0.0,1.0,0.0,0.0,0.0,0.0,1
C60042,1761.24,1761.24,1,4.0,440.31,6.0,0.0,1.0,1,865,1.0,0.0,0.0,0.0,0.0,0.0,0.0,0.0,1.0,0.0,0.0,1.0,0.0,0.0,0.0,0.0,0.0,4
C60178,1023.45,1023.45,1,3.0,341.15,4.0,1.0,0.0,1,911,1.0,0.0,0.0,0.0,0.0,0.0,0.0,0.0,1.0,0.0,0.0,0.0,1.0,0.0,0.0,0.0,0.0,1
C60190,1898.76,1898.76,1,4.0,474.69,6.0,1.0,1.0,1,898,0.0,0.0,0.0,1.0,0.0,0.0,0.0,1.0,0.0,0.0,0.0,0.0,0.0,0.0,1.0,0.0,0.0,6
C60203,583.7,583.7,1,2.0,291.85,5.0,1.0,0.0,1,400,1.0,0.0,0.0,0.0,0.0,0.0,0.0,0.0,1.0,0.0,0.0,0.0,0.0,0.0,0.0,0.0,1.0,3
C60215,334.4,334.4,1,4.0,83.6,4.0,1.0,0.0,1,238,0.0,0.0,1.0,0.0,0.0,0.0,1.0,0.0,0.0,0.0,0.0,1.0,0.0,0.0,0.0,0.0,0.0,4
C60329,2476.75,2476.75,1,5.0,495.35,5.0,0.0,0.0,1,431,0.0,1.0,0.0,0.0,0.0,0.0,1.0,0.0,0.0,0.0,0.0,1.0,0.0,0.0,0.0,0.0,0.0,2
C60355,1000.58,1000.58,1,2.0,500.29,7.0,1.0,1.0,1,290,0.0,0.0,0.0,0.0,1.0,0.0,0.0,1.0,0.0,0.0,0.0,0.0,0.0,1.0,0.0,0.0,0.0,8
C60361,1948.1,1948.1,1,5.0,389.62,7.0,1.0,1.0,1,380,1.0,0.0,0.0,0.0,0.0,0.0,1.0,0.0,0.0,0.0,0.0,1.0,0.0,0.0,0.0,0.0,0.0,4
C60384,1484.28,1484.28,1,4.0,371.07,7.0,1.0,1.0,1,635,1.0,0.0,0.0,0.0,0.0,0.0,1.0,0.0,0.0,0.0,0.0,0.0,1.0,0.0,0.0,0.0,0.0,1
C60547,257.0,257.0,1,1.0,257.0,5.0,0.0,1.0,1,877,0.0,0.0,1.0,0.0,0.0,0.0,0.0,0.0,0.0,1.0,0.0,1.0,0.0,0.0,0.0,0.0,0.0,4
C60572,1497.63,1497.63,1,3.0,499.21,8.0,0.0,1.0,1,565,0.0,0.0,0.0,0.0,1.0,0.0,0.0,0.0,1.0,0.0,1.0,0.0,0.0,0.0,0.0,0.0,0.0,0
C60575,1959.3,1959.3,1,5.0,391.86,6.0,0.0,0.0,1,348,0.0,1.0,0.0,0.0,0.0,0.0,0.0,0.0,1.0,0.0,0.0,1.0,0.0,0.0,0.0,0.0,0.0,4
C60672,423.4,423.4,1,1.0,423.4,3.0,0.0,0.0,1,486,0.0,0.0,1.0,0.0,0.0,0.0,0.0,0.0,0.0,1.0,0.0,0.0,0.0,0.0,0.0,0.0,1.0,3
C60699,1235.85,1235.85,1,3.0,411.95,7.0,1.0,0.0,1,534,0.0,1.0,0.0,0.0,0.0,0.0,0.0,0.0,0.0,1.0,1.0,0.0,0.0,0.0,0.0,0.0,0.0,0
C61070,951.56,951.56,1,2.0,475.78,2.0,1.0,0.0,1,362,0.0,0.0,0.0,0.0,1.0,0.0,0.0,1.0,0.0,0.0,0.0,0.0,0.0,0.0,0.0,0.0,1.0,3
C61090,2062.36,2062.36,1,4.0,515.59,7.0,1.0,0.0,1,450,0.0,1.0,0.0,0.0,0.0,0.0,0.0,1.0,0.0,0.0,0.0,0.0,1.0,0.0,0.0,0.0,0.0,1
C61162,721.0,721.0,1,4.0,180.25,7.0,0.0,1.0,1,353,0.0,0.0,1.0,0.0,0.0,0.0,1.0,0.0,0.0,0.0,0.0,0.0,0.0,1.0,0.0,0.0,0.0,8
C61225,1300.5,1300.5,1,2.0,650.25,6.0,0.0,1.0,1,857,0.0,0.0,0.0,1.0,0.0,0.0,0.0,0.0,1.0,0.0,0.0,0.0,0.0,1.0,0.0,0.0,0.0,8
C61257,507.34,507.34,1,2.0,253.67,3.0,1.0,1.0,1,361,1.0,0.0,0.0,0.0,0.0,0.0,1.0,0.0,0.0,0.0,0.0,0.0,0.0,1.0,0.0,0.0,0.0,8
C61280,1472.22,1472.22,1,3.0,490.74,3.0,1.0,0.0,1,403,1.0,0.0,0.0,0.0,0.0,1.0,0.0,0.0,0.0,0.0,0.0,0.0,0.0,0.0,1.0,0.0,0.0,6
C61384,802.35,802.35,1,3.0,267.45,5.0,1.0,0.0,1,451,0.0,0.0,0.0,1.0,0.0,0.0,0.0,0.0,1.0,0.0,0.0,0.0,0.0,1.0,0.0,0.0,0.0,8
C61440,583.9,583.9,1,1.0,583.9,1.0,0.0,1.0,1,813,1.0,0.0,0.0,0.0,0.0,1.0,0.0,0.0,0.0,0.0,0.0,0.0,0.0,0.0,1.0,0.0,0.0,6
C61521,690.02,690.02,1,2.0,345.01,6.0,1.0,0.0,1,415,0.0,1.0,0.0,0.0,0.0,0.0,0.0,1.0,0.0,0.0,0.0,0.0,0.0,0.0,1.0,0.0,0.0,6
C61549,1286.04,1286.04,1,4.0,321.51,9.0,0.0,1.0,1,407,1.0,0.0,0.0,0.0,0.0,0.0,0.0,1.0,0.0,0.0,0.0,1.0,0.0,0.0,0.0,0.0,0.0,4
C61618,488.8,488.8,1,4.0,122.2,7.0,1.0,0.0,1,464,1.0,0.0,0.0,0.0,0.0,0.0,1.0,0.0,0.0,0.0,0.0,1.0,0.0,0.0,0.0,0.0,0.0,4
C61668,139.28,139.28,1,2.0,69.64,6.0,0.0,1.0,1,413,1.0,0.0,0.0,0.0,0.0,0.0,1.0,0.0,0.0,0.0,1.0,0.0,0.0,0.0,0.0,0.0,0.0,0
C61773,981.12,981.12,1,4.0,245.28,6.0,1.0,0.0,1,638,0.0,1.0,0.0,0.0,0.0,1.0,0.0,0.0,0.0,0.0,0.0,0.0,0.0,0.0,1.0,0.0,0.0,6
C61849,2311.28,2311.28,1,4.0,577.82,9.0,0.0,0.0,1,203,0.0,1.0,0.0,0.0,0.0,0.0,0.0,1.0,0.0,0.0,0.0,0.0,0.0,1.0,0.0,0.0,0.0,2
C61943,985.8,985.8,1,2.0,492.9,5.0,1.0,1.0,1,32,1.0,0.0,0.0,0.0,0.0,0.0,0.0,0.0,1.0,0.0,0.0,0.0,1.0,0.0,0.0,0.0,0.0,1
C61957,483.38,483.38,1,1.0,483.38,6.0,1.0,0.0,1,555,1.0,0.0,0.0,0.0,0.0,0.0,0.0,1.0,0.0,0.0,0.0,0.0,0.0,0.0,0.0,1.0,0.0,7
C62042,1539.9,1539.9,1,5.0,307.98,10.0,0.0,0.0,1,779,0.0,0.0,0.0,0.0,1.0,0.0,1.0,0.0,0.0,0.0,0.0,0.0,0.0,0.0,0.0,0.0,1.0,3
C62070,176.58,176.58,1,1.0,176.58,4.0,0.0,1.0,1,111,0.0,0.0,1.0,0.0,0.0,0.0,0.0,0.0,0.0,1.0,0.0,0.0,0.0,1.0,0.0,0.0,0.0,8
C62169,184.15,184.15,1,1.0,184.15,5.0,1.0,0.0,1,86,0.0,0.0,0.0,1.0,0.0,0.0,1.0,0.0,0.0,0.0,1.0,0.0,0.0,0.0,0.0,0.0,0.0,0
C62277,309.88,309.88,1,4.0,77.47,7.0,1.0,1.0,1,449,0.0,0.0,0.0,1.0,0.0,0.0,0.0,0.0,1.0,0.0,0.0,0.0,0.0,0.0,0.0,1.0,0.0,7
C62312,52.54,52.54,1,1.0,52.54,6.0,1.0,1.0,1,268,0.0,0.0,1.0,0.0,0.0,0.0,1.0,0.0,0.0,0.0,0.0,0.0,0.0,0.0,0.0,1.0,0.0,7
C62405,460.72,460.72,1,2.0,230.36,4.0,1.0,1.0,1,194,0.0,0.0,0.0,0.0,1.0,1.0,0.0,0.0,0.0,0.0,0.0,0.0,1.0,0.0,0.0,0.0,0.0,1
C62512,275.22,275.22,1,3.0,91.74,8.0,1.0,1.0,1,294,0.0,0.0,1.0,0.0,0.0,0.0,0.0,0.0,0.0,1.0,0.0,0.0,0.0,0.0,0.0,1.0,0.0,7
C62557,1232.64,1232.64,1,3.0,410.88,8.0,1.0,0.0,1,900,1.0,0.0,0.0,0.0,0.0,0.0,0.0,0.0,1.0,0.0,0.0,0.0,0.0,1.0,0.0,0.0,0.0,8
C62622,562.61,562.61,1,1.0,562.61,3.0,1.0,0.0,1,95,0.0,1.0,0.0,0.0,0.0,0.0,1.0,0.0,0.0,0.0,0.0,0.0,0.0,0.0,0.0,0.0,1.0,3
C62627,41.09,41.09,1,1.0,41.09,4.0,1.0,1.0,1,836,0.0,0.0,0.0,0.0,1.0,1.0,0.0,0.0,0.0,0.0,0.0,1.0,0.0,0.0,0.0,0.0,0.0,4
C62656,873.72,873.72,1,4.0,218.43,9.0,1.0,1.0,1,157,0.0,1.0,0.0,0.0,0.0,1.0,0.0,0.0,0.0,0.0,0.0,0.0,0.0,0.0,1.0,0.0,0.0,6
C62661,1147.11,1147.11,1,3.0,382.37,8.0,0.0,1.0,1,750,0.0,0.0,1.0,0.0,0.0,0.0,0.0,0.0,1.0,0.0,0.0,0.0,0.0,0.0,0.0,0.0,1.0,3
C62666,322.5,322.5,1,5.0,64.5,8.0,1.0,0.0,1,516,0.0,1.0,0.0,0.0,0.0,0.0,0.0,0.0,1.0,0.0,1.0,0.0,0.0,0.0,0.0,0.0,0.0,0
C62740,424.4,424.4,1,1.0,424.4,6.0,1.0,0.0,1,855,0.0,0.0,0.0,0.0,1.0,0.0,0.0,0.0,0.0,1.0,0.0,0.0,0.0,0.0,1.0,0.0,0.0,6
C63018,38.49,38.49,1,1.0,38.49,4.0,1.0,0.0,1,9,0.0,1.0,0.0,0.0,0.0,0.0,0.0,0.0,0.0,1.0,0.0,0.0,0.0,0.0,0.0,1.0,0.0,7
C63150,410.91,410.91,1,3.0,136.97,4.0,1.0,1.0,1,256,0.0,1.0,0.0,0.0,0.0,0.0,0.0,0.0,0.0,1.0,0.0,0.0,0.0,0.0,0.0,1.0,0.0,7
C63153,2199.04,2199.04,1,4.0,549.76,4.0,1.0,0.0,1,637,0.0,0.0,1.0,0.0,0.0,0.0,1.0,0.0,0.0,0.0,1.0,0.0,0.0,0.0,0.0,0.0,0.0,0
C63365,1098.9,1098.9,1,5.0,219.78,8.0,0.0,0.0,1,697,0.0,1.0,0.0,0.0,0.0,0.0,1.0,0.0,0.0,0.0,0.0,1.0,0.0,0.0,0.0,0.0,0.0,4
C63372,2428.55,2428.55,1,5.0,485.71,10.0,1.0,0.0,1,476,0.0,0.0,0.0,0.0,1.0,0.0,0.0,0.0,0.0,1.0,1.0,0.0,0.0,0.0,0.0,0.0,0.0,2
C63378,512.39,512.39,1,1.0,512.39,2.0,1.0,0.0,1,439,0.0,0.0,0.0,0.0,1.0,0.0,0.0,0.0,1.0,0.0,0.0,0.0,0.0,0.0,1.0,0.0,0.0,6
C63619,1857.63,1857.63,1,3.0,619.21,6.0,0.0,1.0,1,435,0.0,0.0,1.0,0.0,0.0,1.0,0.0,0.0,0.0,0.0,1.0,0.0,0.0,0.0,0.0,0.0,0.0,0
C63657,1274.67,1274.67,1,3.0,424.89,6.0,1.0,1.0,1,123,0.0,0.0,1.0,0.0,0.0,0.0,0.0,1.0,0.0,0.0,0.0,0.0,0.0,0.0,0.0,0.0,1.0,3
C63727,724.28,724.28,1,2.0,362.14,2.0,1.0,0.0,1,186,0.0,0.0,1.0,0.0,0.0,0.0,0.0,0.0,1.0,0.0,0.0,1.0,0.0,0.0,0.0,0.0,0.0,4
C63822,507.56,507.56,1,4.0,126.89,9.0,1.0,0.0,1,584,1.0,0.0,0.0,0.0,0.0,0.0,0.0,0.0,1.0,0.0,0.0,0.0,1.0,0.0,0.0,0.0,0.0,1
C63827,1974.92,1974.92,1,4.0,493.73,6.0,1.0,0.0,1,26,0.0,0.0,1.0,0.0,0.0,0.0,1.0,0.0,0.0,0.0,0.0,0.0,0.0,0.0,1.0,0.0,0.0,6
C64128,284.64,284.64,1,3.0,94.88,8.0,0.0,0.0,1,142,0.0,0.0,0.0,1.0,0.0,0.0,0.0,0.0,0.0,1.0,0.0,0.0,0.0,0.0,0.0,0.0,1.0,3
C64160,330.98,330.98,1,2.0,165.49,4.0,1.0,0.0,1,673,0.0,0.0,0.0,0.0,1.0,0.0,0.0,0.0,1.0,0.0,0.0,0.0,0.0,1.0,0.0,0.0,0.0,8
C64502,1600.05,1600.05,1,5.0,320.01,6.0,0.0,0.0,1,364,0.0,0.0,0.0,1.0,0.0,0.0,0.0,0.0,0.0,1.0,0.0,1.0,0.0,0.0,0.0,0.0,0.0,4
C64516,1517.37,1517.37,1,3.0,505.79,3.0,1.0,0.0,1,713,0.0,0.0,1.0,0.0,0.0,0.0,0.0,0.0,0.0,1.0,0.0,0.0,1.0,0.0,0.0,0.0,0.0,1
C64549,1006.1,1006.1,1,5.0,201.22,6.0,1.0,0.0,1,677,0.0,0.0,1.0,0.0,0.0,0.0,1.0,0.0,0.0,0.0,0.0,0.0,0.0,1.0,0.0,0.0,0.0,8
C64554,410.52,410.52,1,3.0,136.84,4.0,1.0,0.0,1,670,0.0,0.0,0.0,0.0,1.0,0.0,1.0,0.0,0.0,0.0,0.0,0.0,0.0,0.0,0.0,0.0,1.0,3
C64579,234.37,234.37,1,1.0,234.37,5.0,1.0,0.0,1,144,0.0,0.0,1.0,0.0,0.0,1.0,0.0,0.0,0.0,0.0,0.0,1.0,0.0,0.0,0.0,0.0,0.0,4
C64638,527.57,527.57,1,1.0,527.57,3.0,1.0,0.0,1,856,0.0,0.0,1.0,0.0,0.0,0.0,1.0,0.0,0.0,0.0,0.0,0.0,0.0,0.0,0.0,1.0,0.0,7
C64641,2119.65,2119.65,1,5.0,423.93,5.0,1.0,1.0,1,541,0.0,0.0,1.0,0.0,0.0,0.0,1.0,0.0,0.0,0.0,0.0,0.0,0.0,0.0,0.0,0.0,1.0,3
C64753,1050.08,1050.08,1,4.0,262.52,4.0,1.0,1.0,1,313,0.0,0.0,1.0,0.0,0.0,0.0,0.0,0.0,1.0,0.0,1.0,0.0,0.0,0.0,0.0,0.0,0.0,0
C64935,304.11,304.11,1,1.0,304.11,2.0,1.0,0.0,1,298,0.0,0.0,0.0,1.0,0.0,0.0,0.0,0.0,0.0,1.0,0.0,0.0,0.0,1.0,0.0,0.0,0.0,8
C65021,809.92,809.92,1,2.0,404.96,4.0,1.0,0.0,1,423,1.0,0.0,0.0,0.0,0.0,1.0,0.0,0.0,0.0,0.0,0.0,0.0,0.0,0.0,1.0,0.0,0.0,6
C65056,2129.96,2129.96,1,4.0,532.49,6.0,1.0,1.0,1,10,0.0,0.0,0.0,0.0,1.0,0.0,1.0,0.0,0.0,0.0,0.0,0.0,0.0,0.0,0.0,0.0,1.0,3
C65083,2631.16,2631.16,1,4.0,657.79,6.0,1.0,1.0,1,133,0.0,1.0,0.0,0.0,0.0,0.0,0.0,1.0,0.0,0.0,0.0,1.0,0.0,0.0,0.0,0.0,0.0,2
C65107,70.24,70.24,1,1.0,70.24,4.0,1.0,1.0,1,296,0.0,1.0,0.0,0.0,0.0,0.0,0.0,1.0,0.0,0.0,0.0,0.0,0.0,1.0,0.0,0.0,0.0,8
C65180,858.16,858.16,1,4.0,214.54,7.0,0.0,1.0,1,453,0.0,0.0,0.0,1.0,0.0,0.0,0.0,0.0,0.0,1.0,0.0,0.0,0.0,0.0,0.0,0.0,1.0,3
C65251,1168.35,1168.35,1,5.0,233.67,10.0,0.0,0.0,1,281,1.0,0.0,0.0,0.0,0.0,0.0,0.0,0.0,0.0,1.0,0.0,0.0,1.0,0.0,0.0,0.0,0.0,1
C65414,595.42,595.42,1,2.0,297.71,7.0,1.0,0.0,1,91,0.0,0.0,0.0,0.0,1.0,0.0,0.0,0.0,0.0,1.0,0.0,0.0,0.0,0.0,1.0,0.0,0.0,6
C65497,163.32,163.32,1,1.0,163.32,6.0,1.0,0.0,1,591,1.0,0.0,0.0,0.0,0.0,0.0,1.0,0.0,0.0,0.0,0.0,0.0,0.0,1.0,0.0,0.0,0.0,8
C65524,1919.1,1919.1,1,5.0,383.82,7.0,1.0,1.0,1,162,0.0,1.0,0.0,0.0,0.0,0.0,0.0,1.0,0.0,0.0,0.0,0.0,1.0,0.0,0.0,0.0,0.0,1
C65565,402.15,402.15,1,3.0,134.05,3.0,0.0,0.0,1,504,0.0,1.0,0.0,0.0,0.0,0.0,0.0,1.0,0.0,0.0,0.0,1.0,0.0,0.0,0.0,0.0,0.0,4
C65744,582.04,582.04,1,1.0,582.04,1.0,1.0,0.0,1,336,0.0,0.0,0.0,1.0,0.0,1.0,0.0,0.0,0.0,0.0,0.0,0.0,0.0,0.0,1.0,0.0,0.0,6
C65799,2260.8,2260.8,1,4.0,565.2,9.0,1.0,0.0,1,543,0.0,0.0,1.0,0.0,0.0,0.0,0.0,1.0,0.0,0.0,0.0,0.0,0.0,0.0,0.0,0.0,1.0,2
C65890,1577.85,1577.85,1,5.0,315.57,6.0,1.0,0.0,1,540,0.0,0.0,1.0,0.0,0.0,1.0,0.0,0.0,0.0,0.0,0.0,0.0,0.0,0.0,0.0,0.0,1.0,3
C65905,950.4,950.4,1,5.0,190.08,9.0,1.0,0.0,1,531,1.0,0.0,0.0,0.0,0.0,0.0,0.0,0.0,1.0,0.0,0.0,0.0,1.0,0.0,0.0,0.0,0.0,1
C65986,3352.4,3352.4,1,5.0,670.48,5.0,1.0,1.0,1,365,0.0,0.0,0.0,1.0,0.0,0.0,1.0,0.0,0.0,0.0,0.0,0.0,1.0,0.0,0.0,0.0,0.0,2
C66078,1101.12,1101.12,1,4.0,275.28,9.0,1.0,0.0,1,638,0.0,0.0,0.0,1.0,0.0,0.0,1.0,0.0,0.0,0.0,0.0,1.0,0.0,0.0,0.0,0.0,0.0,4
C66093,2595.64,2595.64,1,4.0,648.91,6.0,1.0,0.0,1,734,0.0,1.0,0.0,0.0,0.0,0.0,0.0,0.0,1.0,0.0,0.0,0.0,0.0,0.0,0.0,1.0,0.0,2
C66112,1866.8,1866.8,1,4.0,466.7,8.0,0.0,1.0,1,494,0.0,0.0,1.0,0.0,0.0,0.0,0.0,0.0,1.0,0.0,0.0,1.0,0.0,0.0,0.0,0.0,0.0,4
C66116,322.45,322.45,1,5.0,64.49,7.0,0.0,1.0,1,102,0.0,0.0,0.0,0.0,1.0,0.0,1.0,0.0,0.0,0.0,1.0,0.0,0.0,0.0,0.0,0.0,0.0,0
C66149,1537.28,1537.28,1,4.0,384.32,6.0,1.0,0.0,1,200,0.0,1.0,0.0,0.0,0.0,0.0,0.0,1.0,0.0,0.0,0.0,1.0,0.0,0.0,0.0,0.0,0.0,4
C66196,796.9,796.9,1,2.0,398.45,7.0,1.0,1.0,1,276,0.0,0.0,1.0,0.0,0.0,0.0,0.0,1.0,0.0,0.0,0.0,0.0,0.0,0.0,1.0,0.0,0.0,6
C66254,515.32,515.32,1,1.0,515.32,1.0,1.0,1.0,1,437,0.0,0.0,0.0,1.0,0.0,1.0,0.0,0.0,0.0,0.0,1.0,0.0,0.0,0.0,0.0,0.0,0.0,0
C66332,1907.94,1907.94,1,3.0,635.98,5.0,0.0,1.0,1,844,1.0,0.0,0.0,0.0,0.0,0.0,0.0,0.0,0.0,1.0,0.0,0.0,0.0,1.0,0.0,0.0,0.0,8
C66349,565.85,565.85,1,1.0,565.85,1.0,1.0,1.0,1,849,0.0,0.0,0.0,1.0,0.0,0.0,1.0,0.0,0.0,0.0,0.0,1.0,0.0,0.0,0.0,0.0,0.0,4
C66438,90.27,90.27,1,1.0,90.27,5.0,1.0,0.0,1,387,1.0,0.0,0.0,0.0,0.0,0.0,1.0,0.0,0.0,0.0,0.0,0.0,1.0,0.0,0.0,0.0,0.0,1
C66462,1739.6,1739.6,1,5.0,347.92,6.0,1.0,0.0,1,895,1.0,0.0,0.0,0.0,0.0,0.0,0.0,1.0,0.0,0.0,0.0,0.0,0.0,0.0,1.0,0.0,0.0,6
C66521,1600.28,1600.28,1,4.0,400.07,5.0,0.0,0.0,1,383,0.0,0.0,0.0,0.0,1.0,0.0,0.0,0.0,0.0,1.0,1.0,0.0,0.0,0.0,0.0,0.0,0.0,0
C66567,79.02,79.02,1,2.0,39.51,5.0,0.0,0.0,1,377,0.0,0.0,0.0,0.0,1.0,0.0,1.0,0.0,0.0,0.0,0.0,1.0,0.0,0.0,0.0,0.0,0.0,4
C66840,2313.08,2313.08,1,4.0,578.27,9.0,1.0,0.0,1,625,0.0,0.0,0.0,0.0,1.0,1.0,0.0,0.0,0.0,0.0,0.0,0.0,0.0,0.0,0.0,0.0,1.0,2
C66906,518.64,518.64,1,2.0,259.32,2.0,1.0,0.0,1,432,0.0,0.0,0.0,1.0,0.0,0.0,0.0,0.0,0.0,1.0,0.0,0.0,0.0,0.0,0.0,1.0,0.0,7
C67195,2306.08,2306.08,1,4.0,576.52,5.0,1.0,0.0,1,906,0.0,1.0,0.0,0.0,0.0,0.0,1.0,0.0,0.0,0.0,1.0,0.0,0.0,0.0,0.0,0.0,0.0,2
C67260,3390.8,3390.8,1,5.0,678.16,7.0,1.0,0.0,1,791,0.0,0.0,0.0,1.0,0.0,0.0,1.0,0.0,0.0,0.0,0.0,0.0,1.0,0.0,0.0,0.0,0.0,2
C67387,1418.65,1418.65,1,5.0,283.73,8.0,1.0,0.0,1,26,0.0,0.0,0.0,1.0,0.0,0.0,0.0,0.0,1.0,0.0,0.0,0.0,0.0,0.0,1.0,0.0,0.0,6
C67528,1185.12,1185.12,1,4.0,296.28,5.0,1.0,0.0,1,219,0.0,0.0,0.0,1.0,0.0,1.0,0.0,0.0,0.0,0.0,0.0,0.0,0.0,1.0,0.0,0.0,0.0,8
C67533,26.95,26.95,1,1.0,26.95,1.0,1.0,0.0,1,468,1.0,0.0,0.0,0.0,0.0,1.0,0.0,0.0,0.0,0.0,0.0,1.0,0.0,0.0,0.0,0.0,0.0,4
C67551,1955.12,1955.12,1,4.0,488.78,5.0,1.0,1.0,1,409,0.0,0.0,0.0,0.0,1.0,0.0,0.0,1.0,0.0,0.0,0.0,0.0,0.0,0.0,1.0,0.0,0.0,6
C67561,1660.56,1660.56,1,3.0,553.52,4.0,1.0,0.0,1,840,0.0,0.0,0.0,1.0,0.0,0.0,1.0,0.0,0.0,0.0,0.0,0.0,0.0,0.0,1.0,0.0,0.0,6
C67583,338.31,338.31,1,1.0,338.31,3.0,0.0,0.0,1,21,0.0,0.0,0.0,0.0,1.0,0.0,0.0,1.0,0.0,0.0,0.0,0.0,0.0,0.0,1.0,0.0,0.0,6
C67604,279.38,279.38,1,2.0,139.69,7.0,1.0,1.0,1,526,0.0,0.0,0.0,0.0,1.0,1.0,0.0,0.0,0.0,0.0,0.0,1.0,0.0,0.0,0.0,0.0,0.0,4
C67687,868.6,868.6,1,2.0,434.3,7.0,1.0,0.0,1,723,1.0,0.0,0.0,0.0,0.0,0.0,0.0,0.0,1.0,0.0,1.0,0.0,0.0,0.0,0.0,0.0,0.0,0
C67818,442.39,442.39,1,1.0,442.39,6.0,1.0,0.0,1,586,0.0,0.0,0.0,1.0,0.0,0.0,1.0,0.0,0.0,0.0,0.0,0.0,1.0,0.0,0.0,0.0,0.0,1
C67870,1648.8,1648.8,1,4.0,412.2,6.0,1.0,0.0,1,509,0.0,1.0,0.0,0.0,0.0,0.0,0.0,0.0,0.0,1.0,0.0,0.0,0.0,1.0,0.0,0.0,0.0,8
C67932,514.98,514.98,1,3.0,171.66,7.0,0.0,0.0,1,194,0.0,0.0,1.0,0.0,0.0,0.0,0.0,1.0,0.0,0.0,1.0,0.0,0.0,0.0,0.0,0.0,0.0,0
C67936,1072.5,1072.5,1,2.0,536.25,3.0,0.0,0.0,1,258,0.0,0.0,1.0,0.0,0.0,1.0,0.0,0.0,0.0,0.0,0.0,0.0,0.0,0.0,0.0,0.0,1.0,3
C68078,987.76,987.76,1,2.0,493.88,7.0,1.0,1.0,1,860,0.0,1.0,0.0,0.0,0.0,0.0,0.0,0.0,1.0,0.0,0.0,1.0,0.0,0.0,0.0,0.0,0.0,4
C68266,1960.89,1960.89,1,3.0,653.63,7.0,1.0,0.0,1,340,0.0,0.0,0.0,0.0,1.0,1.0,0.0,0.0,0.0,0.0,0.0,0.0,0.0,0.0,0.0,1.0,0.0,2
C68508,123.28,123.28,1,1.0,123.28,3.0,1.0,0.0,1,357,0.0,1.0,0.0,0.0,0.0,1.0,0.0,0.0,0.0,0.0,1.0,0.0,0.0,0.0,0.0,0.0,0.0,0
C68553,742.41,742.41,1,3.0,247.47,4.0,1.0,0.0,1,100,0.0,0.0,0.0,0.0,1.0,0.0,1.0,0.0,0.0,0.0,0.0,0.0,0.0,0.0,0.0,0.0,1.0,3
C68609,1330.32,1330.32,1,3.0,443.44,3.0,1.0,0.0,1,252,0.0,0.0,0.0,1.0,0.0,0.0,0.0,1.0,0.0,0.0,1.0,0.0,0.0,0.0,0.0,0.0,0.0,0
C68936,1662.75,1662.75,1,3.0,554.25,6.0,1.0,0.0,1,809,0.0,0.0,1.0,0.0,0.0,0.0,0.0,0.0,0.0,1.0,0.0,0.0,0.0,0.0,0.0,0.0,1.0,3
C68937,850.06,850.06,1,2.0,425.03,2.0,1.0,1.0,1,867,1.0,0.0,0.0,0.0,0.0,0.0,0.0,1.0,0.0,0.0,0.0,0.0,1.0,0.0,0.0,0.0,0.0,1
C68976,868.25,868.25,1,5.0,173.65,9.0,1.0,0.0,1,34,0.0,0.0,0.0,1.0,0.0,1.0,0.0,0.0,0.0,0.0,0.0,0.0,0.0,0.0,1.0,0.0,0.0,6
C69009,2280.3,2280.3,1,5.0,456.06,10.0,0.0,0.0,1,694,1.0,0.0,0.0,0.0,0.0,0.0,0.0,0.0,1.0,0.0,0.0,0.0,0.0,0.0,0.0,1.0,0.0,2
C69021,1874.52,1874.52,1,3.0,624.84,8.0,1.0,1.0,1,828,0.0,1.0,0.0,0.0,0.0,0.0,1.0,0.0,0.0,0.0,0.0,0.0,0.0,0.0,0.0,0.0,1.0,3
C69149,1062.98,1062.98,1,2.0,531.49,7.0,1.0,0.0,1,626,0.0,1.0,0.0,0.0,0.0,0.0,1.0,0.0,0.0,0.0,0.0,0.0,0.0,0.0,0.0,1.0,0.0,7
C69167,165.03,165.03,1,3.0,55.01,7.0,1.0,0.0,1,620,0.0,0.0,0.0,0.0,1.0,1.0,0.0,0.0,0.0,0.0,1.0,0.0,0.0,0.0,0.0,0.0,0.0,0
C69168,21.19,21.19,1,1.0,21.19,5.0,1.0,1.0,1,680,1.0,0.0,0.0,0.0,0.0,0.0,0.0,1.0,0.0,0.0,0.0,0.0,0.0,0.0,0.0,0.0,1.0,3
C69213,2579.84,2579.84,1,4.0,644.96,7.0,1.0,0.0,1,297,0.0,1.0,0.0,0.0,0.0,1.0,0.0,0.0,0.0,0.0,0.0,0.0,1.0,0.0,0.0,0.0,0.0,2
C69332,1695.75,1695.75,1,3.0,565.25,7.0,1.0,1.0,1,773,0.0,0.0,1.0,0.0,0.0,1.0,0.0,0.0,0.0,0.0,0.0,0.0,0.0,1.0,0.0,0.0,0.0,8
C69396,1808.25,1808.25,1,3.0,602.75,6.0,1.0,0.0,1,108,0.0,1.0,0.0,0.0,0.0,1.0,0.0,0.0,0.0,0.0,0.0,0.0,0.0,0.0,0.0,1.0,0.0,7
C69471,1448.24,1448.24,1,4.0,362.06,4.0,0.0,1.0,1,263,0.0,0.0,1.0,0.0,0.0,0.0,1.0,0.0,0.0,0.0,0.0,0.0,0.0,0.0,0.0,0.0,1.0,3
C69476,996.28,996.28,1,4.0,249.07,5.0,1.0,1.0,1,903,0.0,1.0,0.0,0.0,0.0,0.0,0.0,0.0,0.0,1.0,0.0,0.0,0.0,0.0,1.0,0.0,0.0,6
C69542,422.54,422.54,1,1.0,422.54,1.0,1.0,0.0,1,525,1.0,0.0,0.0,0.0,0.0,0.0,0.0,1.0,0.0,0.0,0.0,0.0,0.0,0.0,0.0,1.0,0.0,7
C69994,2332.1,2332.1,1,5.0,466.42,5.0,0.0,1.0,1,7,0.0,0.0,0.0,1.0,0.0,0.0,0.0,0.0,0.0,1.0,0.0,0.0,0.0,1.0,0.0,0.0,0.0,8
C70010,1153.85,1153.85,1,5.0,230.77,10.0,1.0,0.0,1,22,0.0,0.0,0.0,0.0,1.0,0.0,0.0,0.0,0.0,1.0,0.0,1.0,0.0,0.0,0.0,0.0,0.0,4
C70148,2647.75,2647.75,1,5.0,529.55,10.0,0.0,0.0,1,727,0.0,0.0,0.0,1.0,0.0,0.0,1.0,0.0,0.0,0.0,0.0,1.0,0.0,0.0,0.0,0.0,0.0,2
C70246,476.22,476.22,1,3.0,158.74,7.0,1.0,0.0,1,705,0.0,0.0,0.0,0.0,1.0,0.0,0.0,0.0,1.0,0.0,0.0,1.0,0.0,0.0,0.0,0.0,0.0,4
C70315,2024.44,2024.44,1,4.0,506.11,5.0,0.0,1.0,1,597,1.0,0.0,0.0,0.0,0.0,0.0,0.0,0.0,0.0,1.0,0.0,0.0,1.0,0.0,0.0,0.0,0.0,1
C70352,626.6,626.6,1,1.0,626.6,4.0,1.0,1.0,1,141,0.0,0.0,0.0,1.0,0.0,0.0,1.0,0.0,0.0,0.0,0.0,1.0,0.0,0.0,0.0,0.0,0.0,4
C70412,2313.12,2313.12,1,4.0,578.28,5.0,1.0,1.0,1,13,0.0,0.0,0.0,1.0,0.0,1.0,0.0,0.0,0.0,0.0,0.0,0.0,1.0,0.0,0.0,0.0,0.0,1
C70426,672.64,672.64,1,2.0,336.32,3.0,0.0,1.0,1,11,0.0,0.0,0.0,0.0,1.0,0.0,0.0,1.0,0.0,0.0,0.0,0.0,1.0,0.0,0.0,0.0,0.0,1
C70437,2620.72,2620.72,1,4.0,655.18,5.0,0.0,0.0,1,585,0.0,0.0,0.0,0.0,1.0,0.0,1.0,0.0,0.0,0.0,1.0,0.0,0.0,0.0,0.0,0.0,0.0,2
C70452,1265.28,1265.28,1,4.0,316.32,7.0,0.0,0.0,1,367,0.0,0.0,1.0,0.0,0.0,0.0,1.0,0.0,0.0,0.0,0.0,0.0,0.0,1.0,0.0,0.0,0.0,8
C70492,1984.0,1984.0,1,4.0,496.0,8.0,1.0,1.0,1,77,0.0,0.0,0.0,0.0,1.0,0.0,0.0,1.0,0.0,0.0,0.0,0.0,0.0,1.0,0.0,0.0,0.0,8
C70495,114.14,114.14,1,2.0,57.07,3.0,1.0,1.0,1,389,0.0,0.0,1.0,0.0,0.0,0.0,0.0,0.0,1.0,0.0,0.0,0.0,0.0,0.0,0.0,1.0,0.0,7
C70506,454.23,454.23,1,1.0,454.23,3.0,0.0,1.0,1,857,0.0,0.0,0.0,1.0,0.0,0.0,1.0,0.0,0.0,0.0,0.0,0.0,0.0,1.0,0.0,0.0,0.0,8
C70529,105.92,105.92,1,1.0,105.92,6.0,1.0,1.0,1,775,0.0,0.0,0.0,1.0,0.0,1.0,0.0,0.0,0.0,0.0,0.0,1.0,0.0,0.0,0.0,0.0,0.0,4
C70554,418.35,418.35,1,3.0,139.45,8.0,1.0,1.0,1,85,0.0,0.0,0.0,1.0,0.0,0.0,0.0,1.0,0.0,0.0,0.0,0.0,0.0,1.0,0.0,0.0,0.0,8
C70566,2682.9,2682.9,1,5.0,536.58,5.0,1.0,0.0,1,551,0.0,0.0,0.0,1.0,0.0,0.0,0.0,1.0,0.0,0.0,0.0,1.0,0.0,0.0,0.0,0.0,0.0,2
C70613,2323.7,2323.7,1,5.0,464.74,7.0,0.0,0.0,1,893,0.0,0.0,0.0,1.0,0.0,0.0,0.0,0.0,0.0,1.0,0.0,0.0,1.0,0.0,0.0,0.0,0.0,2
C70633,367.34,367.34,1,2.0,183.67,3.0,1.0,1.0,1,450,0.0,0.0,0.0,0.0,1.0,0.0,0.0,1.0,0.0,0.0,0.0,0.0,0.0,0.0,0.0,0.0,1.0,3
C70659,1853.96,926.98,2,4.0,285.76,6.5,0.5,1.0,2,122,0.0,0.0,0.0,0.5,0.5,0.5,0.0,0.0,0.5,0.0,0.5,0.0,0.5,0.0,0.0,0.0,0.0,5
C70921,457.08,457.08,1,2.0,228.54,3.0,0.0,0.0,1,899,0.0,0.0,1.0,0.0,0.0,1.0,0.0,0.0,0.0,0.0,0.0,0.0,0.0,0.0,0.0,1.0,0.0,7
C70999,433.32,433.32,1,2.0,216.66,6.0,1.0,0.0,1,440,0.0,0.0,1.0,0.0,0.0,0.0,0.0,0.0,1.0,0.0,0.0,0.0,0.0,0.0,0.0,0.0,1.0,3
C71035,436.77,436.77,1,1.0,436.77,5.0,1.0,1.0,1,332,1.0,0.0,0.0,0.0,0.0,0.0,0.0,1.0,0.0,0.0,0.0,0.0,0.0,0.0,0.0,0.0,1.0,3
C71040,1739.4,1739.4,1,4.0,434.85,4.0,1.0,0.0,1,829,0.0,1.0,0.0,0.0,0.0,0.0,0.0,1.0,0.0,0.0,0.0,0.0,0.0,0.0,1.0,0.0,0.0,6
C71076,511.98,511.98,1,2.0,255.99,4.0,1.0,0.0,1,595,0.0,1.0,0.0,0.0,0.0,0.0,0.0,0.0,1.0,0.0,0.0,0.0,0.0,1.0,0.0,0.0,0.0,8
C71122,634.4,634.4,1,1.0,634.4,6.0,1.0,1.0,1,803,1.0,0.0,0.0,0.0,0.0,1.0,0.0,0.0,0.0,0.0,0.0,0.0,1.0,0.0,0.0,0.0,0.0,1
C71310,2922.3,2922.3,1,5.0,584.46,8.0,0.0,1.0,1,389,0.0,1.0,0.0,0.0,0.0,1.0,0.0,0.0,0.0,0.0,0.0,0.0,0.0,0.0,0.0,1.0,0.0,2
C71471,595.54,595.54,1,1.0,595.54,4.0,0.0,0.0,1,412,0.0,0.0,0.0,1.0,0.0,0.0,0.0,0.0,1.0,0.0,1.0,0.0,0.0,0.0,0.0,0.0,0.0,0
C71473,1709.2,1709.2,1,5.0,341.84,8.0,1.0,0.0,1,391,0.0,0.0,0.0,0.0,1.0,0.0,0.0,0.0,1.0,0.0,1.0,0.0,0.0,0.0,0.0,0.0,0.0,0
C71486,1407.96,1407.96,1,3.0,469.32,3.0,0.0,0.0,1,691,0.0,0.0,1.0,0.0,0.0,0.0,0.0,1.0,0.0,0.0,0.0,1.0,0.0,0.0,0.0,0.0,0.0,4
C71570,2137.92,2137.92,1,4.0,534.48,9.0,1.0,1.0,1,195,0.0,0.0,0.0,0.0,1.0,0.0,0.0,0.0,1.0,0.0,1.0,0.0,0.0,0.0,0.0,0.0,0.0,0
C71680,2270.28,2270.28,1,4.0,567.57,9.0,1.0,0.0,1,366,0.0,0.0,1.0,0.0,0.0,0.0,0.0,1.0,0.0,0.0,0.0,0.0,0.0,0.0,0.0,1.0,0.0,2
C71698,2446.85,2446.85,1,5.0,489.37,8.0,0.0,1.0,1,45,0.0,0.0,0.0,0.0,1.0,0.0,0.0,0.0,1.0,0.0,0.0,1.0,0.0,0.0,0.0,0.0,0.0,2
C71797,1857.16,1857.16,1,4.0,464.29,5.0,1.0,1.0,1,52,0.0,0.0,1.0,0.0,0.0,1.0,0.0,0.0,0.0,0.0,0.0,0.0,1.0,0.0,0.0,0.0,0.0,1
C71899,2004.99,2004.99,1,3.0,668.33,4.0,1.0,0.0,1,646,0.0,0.0,0.0,1.0,0.0,0.0,1.0,0.0,0.0,0.0,0.0,0.0,0.0,0.0,0.0,0.0,1.0,3
C72007,1298.55,1298.55,1,3.0,432.85,4.0,0.0,0.0,1,489,0.0,0.0,0.0,0.0,1.0,0.0,0.0,0.0,1.0,0.0,1.0,0.0,0.0,0.0,0.0,0.0,0.0,0
C72043,394.53,394.53,1,1.0,394.53,2.0,1.0,0.0,1,392,1.0,0.0,0.0,0.0,0.0,0.0,0.0,0.0,0.0,1.0,0.0,1.0,0.0,0.0,0.0,0.0,0.0,4
C72166,314.38,314.38,1,1.0,314.38,6.0,0.0,1.0,1,506,0.0,0.0,0.0,0.0,1.0,0.0,0.0,1.0,0.0,0.0,0.0,1.0,0.0,0.0,0.0,0.0,0.0,4
C72241,2709.48,2709.48,1,4.0,677.37,8.0,1.0,0.0,1,793,1.0,0.0,0.0,0.0,0.0,0.0,0.0,1.0,0.0,0.0,0.0,0.0,0.0,1.0,0.0,0.0,0.0,2
C72290,556.2,556.2,1,3.0,185.4,7.0,0.0,1.0,1,250,0.0,0.0,0.0,1.0,0.0,0.0,1.0,0.0,0.0,0.0,0.0,0.0,0.0,0.0,0.0,1.0,0.0,7
C72293,688.02,688.02,1,3.0,229.34,6.0,1.0,0.0,1,594,0.0,1.0,0.0,0.0,0.0,0.0,0.0,0.0,0.0,1.0,0.0,0.0,0.0,0.0,0.0,1.0,0.0,7
C72533,376.76,376.76,1,1.0,376.76,5.0,1.0,0.0,1,197,0.0,0.0,1.0,0.0,0.0,1.0,0.0,0.0,0.0,0.0,0.0,0.0,0.0,0.0,0.0,1.0,0.0,7
C72588,1574.7,1574.7,1,5.0,314.94,8.0,1.0,0.0,1,421,1.0,0.0,0.0,0.0,0.0,0.0,0.0,0.0,1.0,0.0,1.0,0.0,0.0,0.0,0.0,0.0,0.0,0
C72596,770.32,770.32,1,2.0,385.16,7.0,1.0,0.0,1,172,0.0,0.0,0.0,0.0,1.0,1.0,0.0,0.0,0.0,0.0,0.0,0.0,0.0,0.0,0.0,1.0,0.0,7
C72649,2853.1,2853.1,1,5.0,570.62,7.0,1.0,0.0,1,909,0.0,0.0,1.0,0.0,0.0,0.0,0.0,0.0,1.0,0.0,0.0,0.0,0.0,1.0,0.0,0.0,0.0,2
C72664,627.15,627.15,1,1.0,627.15,5.0,1.0,0.0,1,297,1.0,0.0,0.0,0.0,0.0,0.0,0.0,0.0,1.0,0.0,0.0,1.0,0.0,0.0,0.0,0.0,0.0,4
C72862,84.8,84.8,1,1.0,84.8,5.0,0.0,0.0,1,905,0.0,0.0,0.0,1.0,0.0,0.0,0.0,0.0,1.0,0.0,0.0,0.0,0.0,0.0,0.0,0.0,1.0,3
C73225,1100.36,1100.36,1,2.0,550.18,3.0,1.0,1.0,1,71,0.0,0.0,0.0,1.0,0.0,0.0,0.0,0.0,0.0,1.0,0.0,0.0,0.0,0.0,1.0,0.0,0.0,6
C73289,1945.77,1945.77,1,3.0,648.59,4.0,1.0,1.0,1,390,0.0,0.0,1.0,0.0,0.0,1.0,0.0,0.0,0.0,0.0,1.0,0.0,0.0,0.0,0.0,0.0,0.0,0
C73370,44.35,44.35,1,1.0,44.35,1.0,1.0,1.0,1,430,0.0,0.0,0.0,1.0,0.0,0.0,0.0,0.0,1.0,0.0,0.0,0.0,1.0,0.0,0.0,0.0,0.0,1
C73514,1395.15,1395.15,1,3.0,465.05,3.0,1.0,1.0,1,662,0.0,1.0,0.0,0.0,0.0,1.0,0.0,0.0,0.0,0.0,0.0,1.0,0.0,0.0,0.0,0.0,0.0,4
C73575,3219.45,3219.45,1,5.0,643.89,8.0,1.0,1.0,1,901,1.0,0.0,0.0,0.0,0.0,0.0,1.0,0.0,0.0,0.0,0.0,0.0,0.0,1.0,0.0,0.0,0.0,2
C73587,1632.84,1632.84,1,4.0,408.21,9.0,0.0,0.0,1,712,0.0,1.0,0.0,0.0,0.0,0.0,0.0,0.0,1.0,0.0,0.0,0.0,0.0,0.0,1.0,0.0,0.0,6
C73629,265.64,265.64,1,1.0,265.64,3.0,1.0,1.0,1,282,0.0,1.0,0.0,0.0,0.0,0.0,0.0,0.0,1.0,0.0,0.0,1.0,0.0,0.0,0.0,0.0,0.0,4
C73813,445.2,445.2,1,4.0,111.3,7.0,1.0,0.0,1,852,0.0,0.0,1.0,0.0,0.0,1.0,0.0,0.0,0.0,0.0,0.0,0.0,0.0,0.0,0.0,1.0,0.0,7
C73873,661.38,661.38,1,2.0,330.69,5.0,1.0,1.0,1,761,0.0,0.0,0.0,0.0,1.0,0.0,0.0,1.0,0.0,0.0,0.0,1.0,0.0,0.0,0.0,0.0,0.0,4
C73893,1638.4,1638.4,1,5.0,327.68,6.0,0.0,1.0,1,618,0.0,1.0,0.0,0.0,0.0,0.0,1.0,0.0,0.0,0.0,0.0,0.0,0.0,0.0,0.0,1.0,0.0,7
C73941,1250.44,1250.44,1,2.0,625.22,5.0,0.0,1.0,1,850,0.0,0.0,0.0,0.0,1.0,0.0,0.0,1.0,0.0,0.0,0.0,0.0,0.0,0.0,1.0,0.0,0.0,6
C73961,530.24,530.24,1,4.0,132.56,8.0,1.0,1.0,1,720,1.0,0.0,0.0,0.0,0.0,0.0,0.0,0.0,1.0,0.0,0.0,0.0,0.0,0.0,0.0,0.0,1.0,3
C73996,287.64,287.64,1,2.0,143.82,6.0,1.0,1.0,1,444,0.0,1.0,0.0,0.0,0.0,0.0,0.0,0.0,1.0,0.0,0.0,0.0,0.0,0.0,0.0,0.0,1.0,3
C73999,375.76,375.76,1,2.0,187.88,4.0,1.0,0.0,1,758,0.0,0.0,0.0,0.0,1.0,0.0,1.0,0.0,0.0,0.0,0.0,0.0,0.0,0.0,0.0,0.0,1.0,3
C74003,1221.28,1221.28,1,4.0,305.32,4.0,1.0,1.0,1,827,0.0,0.0,0.0,0.0,1.0,0.0,0.0,1.0,0.0,0.0,0.0,0.0,0.0,0.0,0.0,1.0,0.0,7
C74005,2240.75,2240.75,1,5.0,448.15,7.0,1.0,1.0,1,755,0.0,0.0,0.0,1.0,0.0,0.0,0.0,1.0,0.0,0.0,1.0,0.0,0.0,0.0,0.0,0.0,0.0,2
C74138,196.94,196.94,1,2.0,98.47,3.0,0.0,1.0,1,560,1.0,0.0,0.0,0.0,0.0,0.0,0.0,0.0,1.0,0.0,0.0,0.0,0.0,1.0,0.0,0.0,0.0,8
C74169,310.93,310.93,1,1.0,310.93,3.0,0.0,1.0,1,902,0.0,0.0,0.0,0.0,1.0,0.0,1.0,0.0,0.0,0.0,0.0,0.0,0.0,0.0,0.0,1.0,0.0,7
C74359,1841.25,1841.25,1,5.0,368.25,5.0,0.0,0.0,1,7,0.0,0.0,0.0,0.0,1.0,0.0,0.0,0.0,1.0,0.0,0.0,0.0,1.0,0.0,0.0,0.0,0.0,1
C74499,744.46,744.46,1,2.0,372.23,7.0,1.0,0.0,1,775,0.0,0.0,0.0,1.0,0.0,1.0,0.0,0.0,0.0,0.0,0.0,1.0,0.0,0.0,0.0,0.0,0.0,4
C74519,945.81,945.81,1,3.0,315.27,4.0,1.0,1.0,1,617,0.0,1.0,0.0,0.0,0.0,1.0,0.0,0.0,0.0,0.0,0.0,0.0,0.0,0.0,1.0,0.0,0.0,6
C74562,220.77,220.77,1,1.0,220.77,5.0,1.0,0.0,1,436,0.0,0.0,0.0,1.0,0.0,0.0,0.0,0.0,1.0,0.0,0.0,0.0,0.0,0.0,0.0,0.0,1.0,3
C74866,1994.37,1994.37,1,3.0,664.79,6.0,0.0,0.0,1,865,0.0,0.0,0.0,0.0,1.0,0.0,1.0,0.0,0.0,0.0,0.0,0.0,0.0,0.0,1.0,0.0,0.0,6
C74928,612.48,612.48,1,2.0,306.24,4.0,1.0,1.0,1,344,0.0,0.0,0.0,0.0,1.0,1.0,0.0,0.0,0.0,0.0,0.0,0.0,0.0,0.0,0.0,1.0,0.0,7
C74982,2042.8,2042.8,1,5.0,408.56,8.0,1.0,0.0,1,724,0.0,0.0,1.0,0.0,0.0,0.0,0.0,0.0,1.0,0.0,0.0,0.0,1.0,0.0,0.0,0.0,0.0,1
C75018,2007.18,2007.18,1,3.0,669.06,7.0,1.0,0.0,1,762,1.0,0.0,0.0,0.0,0.0,0.0,1.0,0.0,0.0,0.0,0.0,0.0,0.0,1.0,0.0,0.0,0.0,8
C75439,344.43,344.43,1,3.0,114.81,7.0,0.0,1.0,1,26,0.0,0.0,0.0,1.0,0.0,0.0,0.0,1.0,0.0,0.0,0.0,1.0,0.0,0.0,0.0,0.0,0.0,4
C75456,276.66,276.66,1,3.0,92.22,5.0,1.0,0.0,1,373,0.0,1.0,0.0,0.0,0.0,1.0,0.0,0.0,0.0,0.0,0.0,0.0,0.0,1.0,0.0,0.0,0.0,8
C75619,742.58,742.58,1,2.0,371.29,5.0,1.0,0.0,1,633,0.0,0.0,0.0,1.0,0.0,0.0,1.0,0.0,0.0,0.0,0.0,0.0,0.0,0.0,0.0,1.0,0.0,7
C75739,302.7,302.7,1,2.0,151.35,3.0,1.0,0.0,1,312,0.0,0.0,0.0,0.0,1.0,0.0,0.0,0.0,0.0,1.0,0.0,0.0,0.0,0.0,1.0,0.0,0.0,6
C75888,1346.7,1346.7,1,3.0,448.9,7.0,1.0,1.0,1,568,0.0,0.0,1.0,0.0,0.0,0.0,0.0,0.0,1.0,0.0,0.0,0.0,0.0,0.0,0.0,1.0,0.0,7
C76140,826.4,826.4,1,4.0,206.6,6.0,1.0,1.0,1,757,0.0,0.0,0.0,1.0,0.0,0.0,0.0,0.0,0.0,1.0,0.0,0.0,0.0,0.0,1.0,0.0,0.0,6
C76207,2606.25,2606.25,1,5.0,521.25,8.0,0.0,1.0,1,800,1.0,0.0,0.0,0.0,0.0,1.0,0.0,0.0,0.0,0.0,0.0,0.0,1.0,0.0,0.0,0.0,0.0,2
C76362,709.5,709.5,1,3.0,236.5,8.0,1.0,0.0,1,547,0.0,0.0,0.0,0.0,1.0,1.0,0.0,0.0,0.0,0.0,1.0,0.0,0.0,0.0,0.0,0.0,0.0,0
C76653,1539.4,1539.4,1,4.0,384.85,9.0,1.0,0.0,1,845,0.0,0.0,0.0,0.0,1.0,0.0,0.0,0.0,1.0,0.0,0.0,0.0,0.0,0.0,0.0,1.0,0.0,7
C76675,1991.79,1991.79,1,3.0,663.93,6.0,1.0,1.0,1,634,0.0,0.0,0.0,1.0,0.0,1.0,0.0,0.0,0.0,0.0,0.0,0.0,1.0,0.0,0.0,0.0,0.0,1
C76700,623.82,623.82,1,2.0,311.91,2.0,0.0,0.0,1,113,0.0,0.0,0.0,0.0,1.0,0.0,1.0,0.0,0.0,0.0,0.0,0.0,0.0,0.0,0.0,0.0,1.0,3
C76761,470.04,470.04,1,4.0,117.51,7.0,0.0,1.0,1,830,0.0,0.0,1.0,0.0,0.0,0.0,0.0,0.0,0.0,1.0,0.0,0.0,0.0,0.0,0.0,1.0,0.0,7
C76766,2512.48,2512.48,1,4.0,628.12,6.0,1.0,0.0,1,350,0.0,0.0,0.0,0.0,1.0,0.0,0.0,0.0,1.0,0.0,0.0,0.0,0.0,0.0,1.0,0.0,0.0,2
C76929,356.81,356.81,1,1.0,356.81,1.0,1.0,0.0,1,627,0.0,0.0,0.0,0.0,1.0,0.0,0.0,0.0,1.0,0.0,0.0,1.0,0.0,0.0,0.0,0.0,0.0,4
C77046,741.64,741.64,1,4.0,185.41,9.0,1.0,1.0,1,891,0.0,0.0,0.0,0.0,1.0,0.0,0.0,1.0,0.0,0.0,0.0,0.0,0.0,0.0,0.0,0.0,1.0,3
C77085,1050.32,1050.32,1,4.0,262.58,8.0,1.0,1.0,1,217,0.0,0.0,0.0,0.0,1.0,1.0,0.0,0.0,0.0,0.0,1.0,0.0,0.0,0.0,0.0,0.0,0.0,0
C77122,438.37,438.37,1,1.0,438.37,4.0,1.0,1.0,1,309,1.0,0.0,0.0,0.0,0.0,0.0,0.0,0.0,0.0,1.0,0.0,0.0,1.0,0.0,0.0,0.0,0.0,1
C77166,741.33,741.33,1,3.0,247.11,3.0,1.0,1.0,1,418,0.0,0.0,1.0,0.0,0.0,0.0,0.0,0.0,0.0,1.0,0.0,0.0,1.0,0.0,0.0,0.0,0.0,1
C77272,2492.4,2492.4,1,5.0,498.48,8.0,1.0,0.0,1,155,0.0,0.0,0.0,0.0,1.0,0.0,0.0,1.0,0.0,0.0,0.0,0.0,0.0,1.0,0.0,0.0,0.0,2
C77344,343.31,343.31,1,1.0,343.31,6.0,1.0,1.0,1,358,0.0,0.0,0.0,1.0,0.0,0.0,0.0,1.0,0.0,0.0,1.0,0.0,0.0,0.0,0.0,0.0,0.0,0
C77357,474.6,474.6,1,1.0,474.6,4.0,1.0,0.0,1,129,0.0,0.0,1.0,0.0,0.0,1.0,0.0,0.0,0.0,0.0,0.0,0.0,0.0,0.0,1.0,0.0,0.0,6
C77363,96.81,96.81,1,1.0,96.81,3.0,0.0,1.0,1,480,0.0,0.0,0.0,1.0,0.0,0.0,0.0,0.0,0.0,1.0,0.0,0.0,0.0,0.0,1.0,0.0,0.0,6
C77499,547.44,547.44,1,3.0,182.48,3.0,0.0,0.0,1,724,1.0,0.0,0.0,0.0,0.0,0.0,0.0,0.0,1.0,0.0,0.0,0.0,1.0,0.0,0.0,0.0,0.0,1
C77736,798.08,798.08,1,2.0,399.04,3.0,1.0,1.0,1,180,1.0,0.0,0.0,0.0,0.0,0.0,0.0,0.0,0.0,1.0,1.0,0.0,0.0,0.0,0.0,0.0,0.0,0
C77763,1508.31,1508.31,1,3.0,502.77,8.0,1.0,1.0,1,764,0.0,0.0,1.0,0.0,0.0,1.0,0.0,0.0,0.0,0.0,0.0,0.0,0.0,0.0,0.0,0.0,1.0,3
C77800,1378.02,1378.02,1,3.0,459.34,3.0,1.0,0.0,1,179,0.0,0.0,0.0,1.0,0.0,0.0,0.0,0.0,1.0,0.0,0.0,0.0,0.0,0.0,0.0,0.0,1.0,3
C77872,1027.18,1027.18,1,2.0,513.59,4.0,1.0,1.0,1,533,0.0,0.0,0.0,0.0,1.0,0.0,0.0,0.0,0.0,1.0,0.0,0.0,0.0,0.0,1.0,0.0,0.0,6
C77961,1087.59,1087.59,1,3.0,362.53,5.0,0.0,1.0,1,108,0.0,0.0,1.0,0.0,0.0,0.0,1.0,0.0,0.0,0.0,0.0,0.0,0.0,0.0,0.0,0.0,1.0,3
C78170,341.7,341.7,1,5.0,68.34,6.0,1.0,0.0,1,143,0.0,0.0,1.0,0.0,0.0,0.0,0.0,0.0,0.0,1.0,1.0,0.0,0.0,0.0,0.0,0.0,0.0,0
C78305,1092.42,1092.42,1,3.0,364.14,7.0,1.0,0.0,1,55,0.0,0.0,0.0,0.0,1.0,0.0,0.0,0.0,0.0,1.0,0.0,0.0,1.0,0.0,0.0,0.0,0.0,1
C78500,2512.35,2512.35,1,5.0,502.47,10.0,1.0,0.0,1,193,0.0,0.0,0.0,0.0,1.0,1.0,0.0,0.0,0.0,0.0,0.0,0.0,0.0,1.0,0.0,0.0,0.0,2
C78684,1765.32,1765.32,1,3.0,588.44,8.0,1.0,0.0,1,407,0.0,0.0,0.0,1.0,0.0,0.0,0.0,1.0,0.0,0.0,1.0,0.0,0.0,0.0,0.0,0.0,0.0,0
C78724,1266.39,1266.39,1,3.0,422.13,7.0,1.0,0.0,1,808,0.0,0.0,0.0,0.0,1.0,0.0,1.0,0.0,0.0,0.0,0.0,0.0,0.0,0.0,0.0,1.0,0.0,7
C78725,1880.36,1880.36,1,4.0,470.09,4.0,1.0,0.0,1,30,0.0,0.0,1.0,0.0,0.0,0.0,0.0,1.0,0.0,0.0,0.0,0.0,0.0,0.0,1.0,0.0,0.0,6
C78959,632.4,632.4,1,2.0,316.2,2.0,0.0,1.0,1,756,0.0,0.0,0.0,0.0,1.0,0.0,0.0,0.0,1.0,0.0,0.0,0.0,0.0,0.0,1.0,0.0,0.0,6
C79142,569.96,569.96,1,1.0,569.96,4.0,1.0,0.0,1,817,0.0,0.0,0.0,0.0,1.0,1.0,0.0,0.0,0.0,0.0,0.0,0.0,1.0,0.0,0.0,0.0,0.0,1
C79475,2542.95,2542.95,1,5.0,508.59,8.0,1.0,1.0,1,450,1.0,0.0,0.0,0.0,0.0,0.0,1.0,0.0,0.0,0.0,0.0,0.0,1.0,0.0,0.0,0.0,0.0,2
C79506,746.34,746.34,1,2.0,373.17,6.0,1.0,0.0,1,714,0.0,1.0,0.0,0.0,0.0,0.0,0.0,0.0,0.0,1.0,0.0,0.0,1.0,0.0,0.0,0.0,0.0,1
C79508,135.17,135.17,1,1.0,135.17,6.0,1.0,0.0,1,388,0.0,0.0,0.0,0.0,1.0,0.0,0.0,0.0,1.0,0.0,0.0,0.0,0.0,0.0,0.0,1.0,0.0,7
C79533,3008.6,3008.6,1,5.0,601.72,5.0,1.0,1.0,1,447,0.0,0.0,0.0,1.0,0.0,0.0,0.0,0.0,1.0,0.0,0.0,0.0,1.0,0.0,0.0,0.0,0.0,2
C79674,873.68,873.68,1,2.0,436.84,2.0,1.0,0.0,1,719,0.0,0.0,0.0,0.0,1.0,0.0,0.0,0.0,1.0,0.0,0.0,0.0,0.0,0.0,0.0,0.0,1.0,3
C79722,1382.2,1382.2,1,5.0,276.44,10.0,1.0,0.0,1,681,0.0,0.0,0.0,1.0,0.0,0.0,0.0,0.0,0.0,1.0,0.0,0.0,0.0,0.0,0.0,0.0,1.0,3
C79821,531.18,531.18,1,1.0,531.18,6.0,1.0,1.0,1,871,0.0,0.0,0.0,1.0,0.0,0.0,0.0,0.0,1.0,0.0,1.0,0.0,0.0,0.0,0.0,0.0,0.0,0
C79842,945.64,945.64,1,4.0,236.41,7.0,1.0,0.0,1,217,0.0,0.0,1.0,0.0,0.0,0.0,0.0,1.0,0.0,0.0,0.0,0.0,0.0,0.0,0.0,1.0,0.0,7
C79909,137.62,137.62,1,2.0,68.81,5.0,1.0,0.0,1,697,0.0,0.0,0.0,1.0,0.0,0.0,0.0,0.0,0.0,1.0,0.0,0.0,0.0,0.0,0.0,1.0,0.0,7
C80004,2052.42,2052.42,1,3.0,684.14,3.0,1.0,1.0,1,591,1.0,0.0,0.0,0.0,0.0,0.0,0.0,0.0,1.0,0.0,0.0,0.0,0.0,0.0,0.0,1.0,0.0,7
C80135,1107.55,1107.55,1,5.0,221.51,5.0,1.0,1.0,1,674,1.0,0.0,0.0,0.0,0.0,0.0,0.0,0.0,0.0,1.0,0.0,0.0,1.0,0.0,0.0,0.0,0.0,1
C80151,1723.32,1723.32,1,4.0,430.83,8.0,1.0,0.0,1,3,0.0,0.0,0.0,1.0,0.0,0.0,0.0,0.0,0.0,1.0,0.0,0.0,0.0,0.0,0.0,0.0,1.0,3
C80183,365.57,365.57,1,1.0,365.57,5.0,1.0,1.0,1,567,0.0,0.0,0.0,0.0,1.0,1.0,0.0,0.0,0.0,0.0,0.0,0.0,1.0,0.0,0.0,0.0,0.0,1
C80223,2651.76,2651.76,1,4.0,662.94,8.0,1.0,1.0,1,88,1.0,0.0,0.0,0.0,0.0,0.0,0.0,0.0,1.0,0.0,0.0,1.0,0.0,0.0,0.0,0.0,0.0,2
C80416,1087.15,1087.15,1,5.0,217.43,10.0,1.0,0.0,1,448,0.0,0.0,1.0,0.0,0.0,0.0,0.0,0.0,1.0,0.0,0.0,1.0,0.0,0.0,0.0,0.0,0.0,4
C80649,312.11,312.11,1,1.0,312.11,4.0,1.0,1.0,1,59,0.0,0.0,0.0,0.0,1.0,0.0,1.0,0.0,0.0,0.0,0.0,0.0,0.0,0.0,1.0,0.0,0.0,6
C80651,1194.51,1194.51,1,3.0,398.17,5.0,1.0,0.0,1,644,0.0,0.0,1.0,0.0,0.0,1.0,0.0,0.0,0.0,0.0,0.0,0.0,0.0,0.0,0.0,0.0,1.0,3
C80735,130.14,130.14,1,2.0,65.07,4.0,1.0,1.0,1,605,0.0,1.0,0.0,0.0,0.0,0.0,0.0,1.0,0.0,0.0,1.0,0.0,0.0,0.0,0.0,0.0,0.0,0
C80868,1420.47,1420.47,1,3.0,473.49,7.0,0.0,0.0,1,776,0.0,1.0,0.0,0.0,0.0,1.0,0.0,0.0,0.0,0.0,0.0,0.0,0.0,1.0,0.0,0.0,0.0,8
C80872,1984.3,1984.3,1,5.0,396.86,9.0,1.0,1.0,1,322,1.0,0.0,0.0,0.0,0.0,0.0,0.0,0.0,1.0,0.0,0.0,1.0,0.0,0.0,0.0,0.0,0.0,4
C80987,132.05,132.05,1,1.0,132.05,2.0,0.0,0.0,1,116,0.0,0.0,0.0,0.0,1.0,0.0,0.0,1.0,0.0,0.0,0.0,0.0,1.0,0.0,0.0,0.0,0.0,1
C81074,157.72,157.72,1,1.0,157.72,2.0,1.0,0.0,1,495,0.0,0.0,1.0,0.0,0.0,0.0,0.0,1.0,0.0,0.0,0.0,1.0,0.0,0.0,0.0,0.0,0.0,4
C81192,1939.02,1939.02,1,3.0,646.34,5.0,0.0,0.0,1,231,0.0,0.0,1.0,0.0,0.0,0.0,0.0,1.0,0.0,0.0,1.0,0.0,0.0,0.0,0.0,0.0,0.0,0
C81319,1342.15,1342.15,1,5.0,268.43,5.0,1.0,1.0,1,101,1.0,0.0,0.0,0.0,0.0,1.0,0.0,0.0,0.0,0.0,0.0,0.0,0.0,0.0,0.0,1.0,0.0,7
C81366,410.6,410.6,1,1.0,410.6,2.0,1.0,1.0,1,912,0.0,0.0,0.0,0.0,1.0,0.0,0.0,0.0,0.0,1.0,0.0,0.0,0.0,1.0,0.0,0.0,0.0,8
C81370,2532.25,2532.25,1,5.0,506.45,7.0,1.0,0.0,1,187,0.0,0.0,0.0,1.0,0.0,0.0,0.0,1.0,0.0,0.0,0.0,0.0,0.0,1.0,0.0,0.0,0.0,2
C81547,510.52,510.52,1,2.0,255.26,6.0,1.0,1.0,1,522,0.0,1.0,0.0,0.0,0.0,0.0,0.0,1.0,0.0,0.0,0.0,0.0,0.0,0.0,1.0,0.0,0.0,6
C81573,36.65,36.65,1,1.0,36.65,1.0,1.0,1.0,1,208,0.0,0.0,0.0,0.0,1.0,1.0,0.0,0.0,0.0,0.0,1.0,0.0,0.0,0.0,0.0,0.0,0.0,0
C81726,2161.36,2161.36,1,4.0,540.34,6.0,1.0,0.0,1,739,0.0,0.0,0.0,1.0,0.0,0.0,0.0,0.0,0.0,1.0,1.0,0.0,0.0,0.0,0.0,0.0,0.0,0
C81728,2753.4,2753.4,1,5.0,550.68,8.0,1.0,1.0,1,490,0.0,1.0,0.0,0.0,0.0,1.0,0.0,0.0,0.0,0.0,0.0,0.0,0.0,0.0,0.0,0.0,1.0,2
C81840,2504.04,2504.04,1,4.0,626.01,8.0,1.0,0.0,1,54,0.0,0.0,0.0,0.0,1.0,1.0,0.0,0.0,0.0,0.0,0.0,0.0,0.0,0.0,0.0,1.0,0.0,2
C81857,1127.64,1127.64,1,2.0,563.82,3.0,0.0,0.0,1,379,0.0,1.0,0.0,0.0,0.0,0.0,0.0,0.0,1.0,0.0,0.0,1.0,0.0,0.0,0.0,0.0,0.0,4
C81882,463.92,463.92,1,3.0,154.64,6.0,1.0,0.0,1,600,0.0,0.0,1.0,0.0,0.0,0.0,1.0,0.0,0.0,0.0,1.0,0.0,0.0,0.0,0.0,0.0,0.0,0
C82068,408.13,408.13,1,1.0,408.13,3.0,1.0,0.0,1,890,0.0,0.0,0.0,1.0,0.0,0.0,0.0,0.0,1.0,0.0,1.0,0.0,0.0,0.0,0.0,0.0,0.0,0
C82217,1717.48,1717.48,1,4.0,429.37,8.0,1.0,0.0,1,271,0.0,1.0,0.0,0.0,0.0,0.0,0.0,1.0,0.0,0.0,0.0,0.0,0.0,0.0,1.0,0.0,0.0,6
C82313,197.58,197.58,1,3.0,65.86,8.0,1.0,0.0,1,705,0.0,0.0,0.0,0.0,1.0,0.0,0.0,1.0,0.0,0.0,1.0,0.0,0.0,0.0,0.0,0.0,0.0,0
C82318,528.06,528.06,1,1.0,528.06,2.0,0.0,0.0,1,492,0.0,1.0,0.0,0.0,0.0,0.0,1.0,0.0,0.0,0.0,0.0,0.0,0.0,0.0,1.0,0.0,0.0,6
C82344,2028.63,2028.63,1,3.0,676.21,5.0,1.0,0.0,1,233,0.0,0.0,0.0,0.0,1.0,0.0,0.0,1.0,0.0,0.0,0.0,0.0,0.0,1.0,0.0,0.0,0.0,8
C82399,158.68,158.68,1,1.0,158.68,6.0,1.0,1.0,1,487,0.0,1.0,0.0,0.0,0.0,0.0,0.0,0.0,1.0,0.0,0.0,0.0,0.0,1.0,0.0,0.0,0.0,8
C82550,667.66,667.66,1,2.0,333.83,4.0,1.0,1.0,1,678,0.0,0.0,0.0,1.0,0.0,0.0,0.0,0.0,0.0,1.0,0.0,0.0,0.0,0.0,1.0,0.0,0.0,6
C82685,475.98,475.98,1,3.0,158.66,7.0,1.0,0.0,1,780,0.0,0.0,0.0,1.0,0.0,1.0,0.0,0.0,0.0,0.0,0.0,1.0,0.0,0.0,0.0,0.0,0.0,4
C82781,109.68,109.68,1,4.0,27.42,4.0,1.0,0.0,1,803,0.0,0.0,1.0,0.0,0.0,0.0,0.0,0.0,0.0,1.0,0.0,0.0,0.0,1.0,0.0,0.0,0.0,8
C82858,593.91,593.91,1,3.0,197.97,5.0,0.0,1.0,1,677,0.0,0.0,0.0,0.0,1.0,0.0,0.0,1.0,0.0,0.0,1.0,0.0,0.0,0.0,0.0,0.0,0.0,0
C82921,208.36,208.36,1,1.0,208.36,4.0,1.0,0.0,1,270,0.0,0.0,0.0,0.0,1.0,1.0,0.0,0.0,0.0,0.0,0.0,0.0,0.0,1.0,0.0,0.0,0.0,8
C82990,300.1,300.1,1,2.0,150.05,4.0,1.0,1.0,1,911,0.0,1.0,0.0,0.0,0.0,0.0,1.0,0.0,0.0,0.0,0.0,0.0,1.0,0.0,0.0,0.0,0.0,1
C83026,1686.9,1686.9,1,5.0,337.38,5.0,0.0,0.0,1,814,0.0,0.0,0.0,1.0,0.0,0.0,0.0,0.0,0.0,1.0,0.0,0.0,0.0,0.0,0.0,1.0,0.0,7
C83223,650.84,650.84,1,4.0,162.71,7.0,1.0,1.0,1,439,1.0,0.0,0.0,0.0,0.0,1.0,0.0,0.0,0.0,0.0,0.0,0.0,0.0,0.0,1.0,0.0,0.0,6
C83492,664.42,664.42,1,1.0,664.42,6.0,1.0,1.0,1,14,0.0,0.0,0.0,1.0,0.0,0.0,1.0,0.0,0.0,0.0,0.0,0.0,1.0,0.0,0.0,0.0,0.0,1
C83548,144.25,144.25,1,1.0,144.25,2.0,1.0,1.0,1,268,1.0,0.0,0.0,0.0,0.0,0.0,0.0,0.0,0.0,1.0,0.0,0.0,1.0,0.0,0.0,0.0,0.0,1
C83556,1059.16,1059.16,1,4.0,264.79,5.0,1.0,0.0,1,514,0.0,1.0,0.0,0.0,0.0,0.0,0.0,1.0,0.0,0.0,0.0,0.0,0.0,0.0,0.0,1.0,0.0,7
C83653,925.04,925.04,1,4.0,231.26,6.0,1.0,0.0,1,791,0.0,0.0,0.0,0.0,1.0,0.0,0.0,1.0,0.0,0.0,0.0,0.0,0.0,0.0,0.0,0.0,1.0,3
C83911,2799.52,2799.52,1,4.0,699.88,5.0,1.0,0.0,1,12,1.0,0.0,0.0,0.0,0.0,0.0,0.0,0.0,0.0,1.0,0.0,0.0,0.0,0.0,0.0,0.0,1.0,2
C84041,1001.6,1001.6,1,2.0,500.8,3.0,1.0,0.0,1,141,1.0,0.0,0.0,0.0,0.0,0.0,0.0,0.0,0.0,1.0,0.0,0.0,1.0,0.0,0.0,0.0,0.0,1
C84115,1362.87,1362.87,1,3.0,454.29,4.0,1.0,0.0,1,383,0.0,1.0,0.0,0.0,0.0,0.0,0.0,1.0,0.0,0.0,1.0,0.0,0.0,0.0,0.0,0.0,0.0,0
C84134,2772.28,2772.28,1,4.0,693.07,8.0,1.0,0.0,1,100,0.0,0.0,0.0,0.0,1.0,0.0,0.0,0.0,1.0,0.0,0.0,0.0,1.0,0.0,0.0,0.0,0.0,2
C84320,208.95,208.95,1,3.0,69.65,7.0,1.0,0.0,1,626,1.0,0.0,0.0,0.0,0.0,0.0,0.0,0.0,1.0,0.0,1.0,0.0,0.0,0.0,0.0,0.0,0.0,0
C84329,431.44,431.44,1,1.0,431.44,3.0,1.0,0.0,1,97,0.0,0.0,0.0,1.0,0.0,0.0,1.0,0.0,0.0,0.0,0.0,1.0,0.0,0.0,0.0,0.0,0.0,4
C84331,3223.2,3223.2,1,5.0,644.64,6.0,1.0,1.0,1,500,0.0,0.0,0.0,1.0,0.0,1.0,0.0,0.0,0.0,0.0,1.0,0.0,0.0,0.0,0.0,0.0,0.0,2
C84480,2342.55,2342.55,1,5.0,468.51,9.0,0.0,0.0,1,75,0.0,0.0,1.0,0.0,0.0,0.0,1.0,0.0,0.0,0.0,1.0,0.0,0.0,0.0,0.0,0.0,0.0,2
C84524,2071.92,2071.92,1,4.0,517.98,8.0,1.0,1.0,1,380,1.0,0.0,0.0,0.0,0.0,0.0,1.0,0.0,0.0,0.0,0.0,0.0,0.0,0.0,0.0,1.0,0.0,2
C84563,472.66,472.66,1,2.0,236.33,3.0,1.0,0.0,1,447,0.0,0.0,0.0,0.0,1.0,0.0,0.0,0.0,1.0,0.0,0.0,0.0,0.0,0.0,0.0,1.0,0.0,7
C84570,120.2,120.2,1,4.0,30.05,6.0,0.0,1.0,1,210,0.0,0.0,0.0,0.0,1.0,0.0,1.0,0.0,0.0,0.0,0.0,0.0,0.0,0.0,0.0,1.0,0.0,7
C84630,2592.75,2592.75,1,5.0,518.55,6.0,1.0,1.0,1,905,0.0,1.0,0.0,0.0,0.0,0.0,0.0,0.0,1.0,0.0,0.0,0.0,1.0,0.0,0.0,0.0,0.0,2
C84645,822.98,822.98,1,2.0,411.49,4.0,0.0,1.0,1,62,0.0,1.0,0.0,0.0,0.0,0.0,0.0,0.0,1.0,0.0,0.0,0.0,0.0,0.0,0.0,0.0,1.0,3
C84700,1599.85,1599.85,1,5.0,319.97,7.0,1.0,0.0,1,902,1.0,0.0,0.0,0.0,0.0,0.0,0.0,1.0,0.0,0.0,0.0,0.0,0.0,0.0,0.0,1.0,0.0,7
C84766,688.04,688.04,1,2.0,344.02,4.0,1.0,0.0,1,681,0.0,0.0,0.0,0.0,1.0,0.0,0.0,0.0,1.0,0.0,0.0,1.0,0.0,0.0,0.0,0.0,0.0,4
C84834,409.02,409.02,1,3.0,136.34,8.0,1.0,1.0,1,461,0.0,0.0,1.0,0.0,0.0,0.0,0.0,0.0,0.0,1.0,0.0,0.0,0.0,0.0,0.0,0.0,1.0,3
C84888,51.73,51.73,1,1.0,51.73,1.0,1.0,0.0,1,802,0.0,0.0,1.0,0.0,0.0,0.0,1.0,0.0,0.0,0.0,0.0,0.0,1.0,0.0,0.0,0.0,0.0,1
C84908,420.26,420.26,1,1.0,420.26,4.0,1.0,0.0,1,154,0.0,1.0,0.0,0.0,0.0,0.0,1.0,0.0,0.0,0.0,0.0,0.0,0.0,0.0,1.0,0.0,0.0,6
C85018,824.25,824.25,1,3.0,274.75,3.0,1.0,1.0,1,237,1.0,0.0,0.0,0.0,0.0,0.0,0.0,1.0,0.0,0.0,0.0,0.0,1.0,0.0,0.0,0.0,0.0,1
C85059,987.4,987.4,1,4.0,246.85,8.0,1.0,0.0,1,795,0.0,1.0,0.0,0.0,0.0,0.0,0.0,1.0,0.0,0.0,0.0,0.0,1.0,0.0,0.0,0.0,0.0,1
C85074,934.8,934.8,1,4.0,233.7,8.0,1.0,0.0,1,111,0.0,0.0,0.0,0.0,1.0,0.0,1.0,0.0,0.0,0.0,0.0,0.0,1.0,0.0,0.0,0.0,0.0,1
C85282,3143.7,3143.7,1,5.0,628.74,9.0,1.0,1.0,1,585,1.0,0.0,0.0,0.0,0.0,0.0,1.0,0.0,0.0,0.0,0.0,0.0,0.0,0.0,1.0,0.0,0.0,2
C85322,813.06,813.06,1,3.0,271.02,6.0,0.0,1.0,1,792,0.0,1.0,0.0,0.0,0.0,0.0,0.0,1.0,0.0,0.0,0.0,0.0,0.0,1.0,0.0,0.0,0.0,8
C85330,1140.45,1140.45,1,5.0,228.09,9.0,1.0,1.0,1,121,0.0,0.0,0.0,1.0,0.0,0.0,1.0,0.0,0.0,0.0,0.0,1.0,0.0,0.0,0.0,0.0,0.0,4
C85421,1641.45,1641.45,1,3.0,547.15,4.0,1.0,0.0,1,267,0.0,0.0,0.0,0.0,1.0,0.0,0.0,0.0,1.0,0.0,0.0,0.0,0.0,0.0,0.0,0.0,1.0,3
C85466,441.87,441.87,1,3.0,147.29,3.0,1.0,0.0,1,256,0.0,0.0,0.0,1.0,0.0,0.0,0.0,1.0,0.0,0.0,0.0,1.0,0.0,0.0,0.0,0.0,0.0,4
C85520,1862.64,1862.64,1,4.0,465.66,9.0,1.0,1.0,1,663,0.0,0.0,0.0,0.0,1.0,1.0,0.0,0.0,0.0,0.0,0.0,0.0,0.0,0.0,1.0,0.0,0.0,6
C85841,2597.88,2597.88,1,4.0,649.47,8.0,1.0,0.0,1,885,1.0,0.0,0.0,0.0,0.0,0.0,0.0,1.0,0.0,0.0,1.0,0.0,0.0,0.0,0.0,0.0,0.0,2
C85863,397.44,397.44,1,3.0,132.48,4.0,0.0,0.0,1,493,0.0,0.0,0.0,0.0,1.0,0.0,0.0,0.0,0.0,1.0,0.0,0.0,0.0,0.0,0.0,1.0,0.0,7
C85929,440.73,440.73,1,3.0,146.91,6.0,1.0,0.0,1,486,0.0,1.0,0.0,0.0,0.0,0.0,0.0,1.0,0.0,0.0,0.0,0.0,0.0,0.0,0.0,1.0,0.0,7
C85993,2189.28,2189.28,1,4.0,547.32,8.0,1.0,1.0,1,688,1.0,0.0,0.0,0.0,0.0,0.0,0.0,0.0,1.0,0.0,0.0,0.0,0.0,0.0,0.0,0.0,1.0,2
C86064,834.12,834.12,1,3.0,278.04,5.0,0.0,0.0,1,726,0.0,0.0,0.0,0.0,1.0,0.0,0.0,0.0,1.0,0.0,0.0,1.0,0.0,0.0,0.0,0.0,0.0,4
C86266,1618.32,1618.32,1,4.0,404.58,5.0,1.0,0.0,1,342,1.0,0.0,0.0,0.0,0.0,0.0,0.0,0.0,1.0,0.0,1.0,0.0,0.0,0.0,0.0,0.0,0.0,0
C86374,1363.85,1363.85,1,5.0,272.77,7.0,1.0,0.0,1,664,1.0,0.0,0.0,0.0,0.0,1.0,0.0,0.0,0.0,0.0,0.0,1.0,0.0,0.0,0.0,0.0,0.0,4
C86408,84.28,84.28,1,4.0,21.07,4.0,1.0,0.0,1,865,0.0,0.0,0.0,1.0,0.0,0.0,0.0,1.0,0.0,0.0,0.0,0.0,0.0,0.0,0.0,0.0,1.0,3
C86481,171.59,171.59,1,1.0,171.59,5.0,1.0,0.0,1,727,0.0,1.0,0.0,0.0,0.0,1.0,0.0,0.0,0.0,0.0,0.0,0.0,0.0,0.0,1.0,0.0,0.0,6
C86524,732.46,732.46,1,2.0,366.23,2.0,1.0,0.0,1,594,1.0,0.0,0.0,0.0,0.0,1.0,0.0,0.0,0.0,0.0,1.0,0.0,0.0,0.0,0.0,0.0,0.0,0
C86762,2043.65,2043.65,1,5.0,408.73,10.0,1.0,0.0,1,256,0.0,0.0,0.0,1.0,0.0,0.0,0.0,0.0,1.0,0.0,0.0,0.0,0.0,1.0,0.0,0.0,0.0,2
C86773,789.44,789.44,1,4.0,197.36,9.0,1.0,1.0,1,753,0.0,0.0,0.0,1.0,0.0,0.0,0.0,0.0,1.0,0.0,0.0,0.0,0.0,0.0,1.0,0.0,0.0,6
C86864,92.72,92.72,1,2.0,46.36,4.0,1.0,1.0,1,74,0.0,0.0,0.0,1.0,0.0,0.0,0.0,1.0,0.0,0.0,0.0,0.0,0.0,0.0,0.0,1.0,0.0,7
C87011,101.16,101.16,1,4.0,25.29,8.0,0.0,0.0,1,864,0.0,1.0,0.0,0.0,0.0,0.0,0.0,1.0,0.0,0.0,0.0,0.0,0.0,1.0,0.0,0.0,0.0,8
C87051,72.31,72.31,1,1.0,72.31,1.0,1.0,1.0,1,767,0.0,0.0,0.0,1.0,0.0,0.0,1.0,0.0,0.0,0.0,0.0,0.0,0.0,0.0,0.0,1.0,0.0,7
C87124,198.51,198.51,1,1.0,198.51,5.0,1.0,1.0,1,441,0.0,1.0,0.0,0.0,0.0,0.0,0.0,0.0,1.0,0.0,0.0,0.0,0.0,0.0,1.0,0.0,0.0,6
C87181,2619.16,2619.16,1,4.0,654.79,9.0,0.0,0.0,1,705,1.0,0.0,0.0,0.0,0.0,0.0,0.0,0.0,0.0,1.0,0.0,1.0,0.0,0.0,0.0,0.0,0.0,2
C87216,1580.35,1580.35,1,5.0,316.07,10.0,0.0,1.0,1,836,1.0,0.0,0.0,0.0,0.0,0.0,0.0,1.0,0.0,0.0,0.0,0.0,0.0,0.0,0.0,0.0,1.0,3
C87281,3243.25,3243.25,1,5.0,648.65,7.0,0.0,0.0,1,519,0.0,0.0,0.0,0.0,1.0,0.0,0.0,0.0,0.0,1.0,0.0,0.0,1.0,0.0,0.0,0.0,0.0,2
C87432,1208.2,1208.2,1,4.0,302.05,6.0,1.0,1.0,1,11,0.0,0.0,1.0,0.0,0.0,0.0,0.0,1.0,0.0,0.0,1.0,0.0,0.0,0.0,0.0,0.0,0.0,0
C87448,450.07,450.07,1,1.0,450.07,6.0,1.0,0.0,1,755,0.0,0.0,0.0,1.0,0.0,0.0,0.0,1.0,0.0,0.0,0.0,0.0,0.0,0.0,1.0,0.0,0.0,6
C87524,625.0,625.0,1,1.0,625.0,5.0,1.0,1.0,1,159,0.0,0.0,0.0,0.0,1.0,0.0,0.0,1.0,0.0,0.0,0.0,0.0,0.0,0.0,1.0,0.0,0.0,6
C87529,987.64,987.64,1,4.0,246.91,8.0,1.0,0.0,1,22,0.0,0.0,0.0,0.0,1.0,0.0,0.0,0.0,0.0,1.0,1.0,0.0,0.0,0.0,0.0,0.0,0.0,0
C87547,380.12,380.12,1,4.0,95.03,8.0,1.0,0.0,1,166,0.0,0.0,0.0,0.0,1.0,0.0,1.0,0.0,0.0,0.0,0.0,0.0,0.0,1.0,0.0,0.0,0.0,8
C87687,1137.21,1137.21,1,3.0,379.07,3.0,1.0,0.0,1,568,0.0,0.0,0.0,1.0,0.0,0.0,0.0,1.0,0.0,0.0,0.0,0.0,1.0,0.0,0.0,0.0,0.0,1
C87764,206.82,206.82,1,2.0,103.41,2.0,1.0,0.0,1,491,0.0,0.0,0.0,0.0,1.0,0.0,0.0,0.0,0.0,1.0,0.0,0.0,0.0,0.0,0.0,0.0,1.0,3
C87777,816.64,816.64,1,2.0,408.32,3.0,1.0,0.0,1,266,0.0,0.0,0.0,0.0,1.0,0.0,1.0,0.0,0.0,0.0,0.0,1.0,0.0,0.0,0.0,0.0,0.0,4
C87994,2392.76,2392.76,1,4.0,598.19,7.0,1.0,0.0,1,635,0.0,1.0,0.0,0.0,0.0,1.0,0.0,0.0,0.0,0.0,1.0,0.0,0.0,0.0,0.0,0.0,0.0,2
C87995,1925.92,1925.92,1,4.0,481.48,5.0,1.0,0.0,1,301,0.0,0.0,0.0,1.0,0.0,0.0,0.0,0.0,1.0,0.0,0.0,0.0,1.0,0.0,0.0,0.0,0.0,1
C88029,3277.75,3277.75,1,5.0,655.55,5.0,0.0,0.0,1,17,0.0,0.0,0.0,0.0,1.0,1.0,0.0,0.0,0.0,0.0,1.0,0.0,0.0,0.0,0.0,0.0,0.0,2
C88036,1571.35,1571.35,1,5.0,314.27,6.0,1.0,1.0,1,891,1.0,0.0,0.0,0.0,0.0,0.0,0.0,0.0,1.0,0.0,0.0,0.0,0.0,0.0,0.0,1.0,0.0,7
C88075,2651.7,2651.7,1,5.0,530.34,9.0,1.0,0.0,1,477,0.0,0.0,0.0,0.0,1.0,0.0,0.0,1.0,0.0,0.0,1.0,0.0,0.0,0.0,0.0,0.0,0.0,2
C88174,18.2,18.2,1,1.0,18.2,4.0,1.0,0.0,1,550,0.0,0.0,1.0,0.0,0.0,0.0,0.0,0.0,1.0,0.0,0.0,0.0,1.0,0.0,0.0,0.0,0.0,1
C88205,3215.15,3215.15,1,5.0,643.03,5.0,1.0,1.0,1,377,0.0,0.0,0.0,0.0,1.0,0.0,0.0,0.0,0.0,1.0,0.0,0.0,0.0,0.0,0.0,1.0,0.0,2
C88304,768.28,768.28,1,2.0,384.14,2.0,1.0,1.0,1,766,0.0,0.0,0.0,0.0,1.0,1.0,0.0,0.0,0.0,0.0,1.0,0.0,0.0,0.0,0.0,0.0,0.0,0
C88348,604.47,604.47,1,3.0,201.49,4.0,1.0,1.0,1,671,0.0,1.0,0.0,0.0,0.0,0.0,1.0,0.0,0.0,0.0,0.0,0.0,1.0,0.0,0.0,0.0,0.0,1
C88370,279.9,279.9,1,2.0,139.95,5.0,0.0,1.0,1,813,0.0,0.0,0.0,0.0,1.0,0.0,0.0,0.0,1.0,0.0,0.0,0.0,0.0,1.0,0.0,0.0,0.0,8
C88371,1132.64,1132.64,1,4.0,283.16,6.0,0.0,0.0,1,188,0.0,1.0,0.0,0.0,0.0,0.0,0.0,1.0,0.0,0.0,1.0,0.0,0.0,0.0,0.0,0.0,0.0,0
C88463,2539.7,2539.7,1,5.0,507.94,9.0,0.0,1.0,1,866,0.0,0.0,0.0,0.0,1.0,0.0,1.0,0.0,0.0,0.0,0.0,1.0,0.0,0.0,0.0,0.0,0.0,2
C88546,813.84,813.84,1,4.0,203.46,7.0,1.0,0.0,1,513,0.0,1.0,0.0,0.0,0.0,0.0,0.0,0.0,0.0,1.0,0.0,1.0,0.0,0.0,0.0,0.0,0.0,4
C88644,392.61,392.61,1,1.0,392.61,4.0,1.0,1.0,1,856,0.0,0.0,0.0,1.0,0.0,0.0,0.0,0.0,0.0,1.0,0.0,0.0,0.0,1.0,0.0,0.0,0.0,8
C88645,1751.16,1751.16,1,3.0,583.72,5.0,1.0,0.0,1,474,0.0,1.0,0.0,0.0,0.0,0.0,1.0,0.0,0.0,0.0,0.0,0.0,0.0,1.0,0.0,0.0,0.0,8
C88775,1989.05,1989.05,1,5.0,397.81,5.0,1.0,1.0,1,681,0.0,0.0,1.0,0.0,0.0,0.0,0.0,0.0,0.0,1.0,0.0,0.0,0.0,1.0,0.0,0.0,0.0,8
C88933,92.04,92.04,1,1.0,92.04,2.0,0.0,0.0,1,906,1.0,0.0,0.0,0.0,0.0,0.0,1.0,0.0,0.0,0.0,0.0,0.0,0.0,0.0,0.0,0.0,1.0,3
C88981,2445.04,2445.04,1,4.0,611.26,5.0,1.0,0.0,1,879,1.0,0.0,0.0,0.0,0.0,0.0,0.0,0.0,0.0,1.0,0.0,0.0,0.0,0.0,0.0,1.0,0.0,2
C89336,92.79,92.79,1,1.0,92.79,3.0,1.0,0.0,1,832,1.0,0.0,0.0,0.0,0.0,1.0,0.0,0.0,0.0,0.0,0.0,1.0,0.0,0.0,0.0,0.0,0.0,4
C89559,662.84,662.84,1,2.0,331.42,6.0,1.0,0.0,1,815,0.0,1.0,0.0,0.0,0.0,0.0,0.0,1.0,0.0,0.0,0.0,0.0,1.0,0.0,0.0,0.0,0.0,1
C89592,2547.9,2547.9,1,5.0,509.58,6.0,1.0,0.0,1,622,0.0,0.0,0.0,0.0,1.0,0.0,0.0,0.0,1.0,0.0,0.0,0.0,1.0,0.0,0.0,0.0,0.0,2
C89674,1151.66,1151.66,1,2.0,575.83,3.0,1.0,0.0,1,164,0.0,0.0,0.0,0.0,1.0,0.0,0.0,0.0,0.0,1.0,0.0,0.0,0.0,1.0,0.0,0.0,0.0,8
C89732,406.22,406.22,1,1.0,406.22,5.0,1.0,1.0,1,434,0.0,1.0,0.0,0.0,0.0,0.0,0.0,0.0,0.0,1.0,0.0,0.0,0.0,0.0,1.0,0.0,0.0,6
C89822,410.78,410.78,1,1.0,410.78,1.0,1.0,1.0,1,579,1.0,0.0,0.0,0.0,0.0,0.0,0.0,0.0,1.0,0.0,0.0,1.0,0.0,0.0,0.0,0.0,0.0,4
C89979,3170.0,3170.0,1,5.0,634.0,8.0,0.0,0.0,1,376,0.0,0.0,0.0,1.0,0.0,1.0,0.0,0.0,0.0,0.0,0.0,0.0,0.0,0.0,1.0,0.0,0.0,2
C90110,418.36,418.36,1,1.0,418.36,5.0,1.0,0.0,1,10,0.0,1.0,0.0,0.0,0.0,1.0,0.0,0.0,0.0,0.0,0.0,0.0,0.0,0.0,1.0,0.0,0.0,6
C90132,1304.65,1304.65,1,5.0,260.93,9.0,1.0,0.0,1,741,0.0,0.0,0.0,0.0,1.0,1.0,0.0,0.0,0.0,0.0,0.0,0.0,0.0,0.0,0.0,1.0,0.0,7
C90142,334.39,334.39,1,1.0,334.39,2.0,0.0,1.0,1,342,0.0,1.0,0.0,0.0,0.0,0.0,0.0,0.0,1.0,0.0,0.0,1.0,0.0,0.0,0.0,0.0,0.0,4
C90292,1105.28,1105.28,1,4.0,276.32,5.0,0.0,0.0,1,799,0.0,0.0,0.0,0.0,1.0,0.0,0.0,1.0,0.0,0.0,0.0,0.0,1.0,0.0,0.0,0.0,0.0,1
C90310,762.56,762.56,1,4.0,190.64,5.0,1.0,0.0,1,202,1.0,0.0,0.0,0.0,0.0,1.0,0.0,0.0,0.0,0.0,0.0,0.0,0.0,0.0,0.0,0.0,1.0,3
C90318,1259.12,1259.12,1,2.0,629.56,5.0,1.0,1.0,1,147,0.0,0.0,0.0,1.0,0.0,0.0,0.0,0.0,1.0,0.0,0.0,1.0,0.0,0.0,0.0,0.0,0.0,4
C90348,899.0,899.0,1,4.0,224.75,7.0,1.0,0.0,1,462,0.0,0.0,0.0,0.0,1.0,0.0,1.0,0.0,0.0,0.0,1.0,0.0,0.0,0.0,0.0,0.0,0.0,0
C90350,367.34,367.34,1,2.0,183.67,6.0,1.0,1.0,1,774,0.0,0.0,1.0,0.0,0.0,0.0,0.0,1.0,0.0,0.0,0.0,0.0,0.0,0.0,1.0,0.0,0.0,6
C90363,3044.55,3044.55,1,5.0,608.91,6.0,1.0,0.0,1,387,0.0,0.0,0.0,1.0,0.0,0.0,0.0,1.0,0.0,0.0,1.0,0.0,0.0,0.0,0.0,0.0,0.0,2
C90431,844.68,844.68,1,2.0,422.34,4.0,1.0,1.0,1,8,0.0,1.0,0.0,0.0,0.0,0.0,0.0,0.0,1.0,0.0,0.0,0.0,1.0,0.0,0.0,0.0,0.0,1
C90573,438.93,438.93,1,1.0,438.93,3.0,1.0,1.0,1,708,0.0,0.0,0.0,1.0,0.0,0.0,0.0,0.0,0.0,1.0,0.0,0.0,0.0,0.0,0.0,0.0,1.0,3
C90595,391.45,391.45,1,5.0,78.29,5.0,1.0,0.0,1,109,0.0,1.0,0.0,0.0,0.0,0.0,0.0,0.0,0.0,1.0,0.0,0.0,0.0,0.0,1.0,0.0,0.0,6
C90612,1103.25,1103.25,1,3.0,367.75,7.0,1.0,0.0,1,519,1.0,0.0,0.0,0.0,0.0,0.0,1.0,0.0,0.0,0.0,1.0,0.0,0.0,0.0,0.0,0.0,0.0,0
C90757,1979.36,1979.36,1,4.0,494.84,8.0,1.0,1.0,1,575,1.0,0.0,0.0,0.0,0.0,1.0,0.0,0.0,0.0,0.0,0.0,0.0,0.0,0.0,0.0,0.0,1.0,3
C90852,1725.03,1725.03,1,3.0,575.01,8.0,1.0,1.0,1,770,0.0,0.0,0.0,0.0,1.0,0.0,0.0,0.0,1.0,0.0,0.0,0.0,0.0,0.0,0.0,0.0,1.0,3
C90898,1491.95,1491.95,1,5.0,298.39,7.0,1.0,1.0,1,331,0.0,0.0,0.0,1.0,0.0,0.0,0.0,0.0,0.0,1.0,0.0,1.0,0.0,0.0,0.0,0.0,0.0,4
C90993,153.12,153.12,1,4.0,38.28,4.0,1.0,1.0,1,388,0.0,0.0,1.0,0.0,0.0,0.0,1.0,0.0,0.0,0.0,0.0,1.0,0.0,0.0,0.0,0.0,0.0,4
C91029,2131.48,2131.48,1,4.0,532.87,9.0,1.0,0.0,1,545,1.0,0.0,0.0,0.0,0.0,0.0,0.0,0.0,1.0,0.0,0.0,0.0,0.0,0.0,1.0,0.0,0.0,2
C91099,1025.3,1025.3,1,2.0,512.65,5.0,1.0,0.0,1,237,0.0,1.0,0.0,0.0,0.0,1.0,0.0,0.0,0.0,0.0,0.0,0.0,0.0,0.0,1.0,0.0,0.0,6
C91103,1023.44,1023.44,1,4.0,255.86,7.0,0.0,0.0,1,745,0.0,1.0,0.0,0.0,0.0,1.0,0.0,0.0,0.0,0.0,0.0,0.0,0.0,1.0,0.0,0.0,0.0,8
C91123,1202.24,1202.24,1,4.0,300.56,9.0,1.0,1.0,1,66,1.0,0.0,0.0,0.0,0.0,0.0,1.0,0.0,0.0,0.0,0.0,0.0,1.0,0.0,0.0,0.0,0.0,1
C91155,704.8199999999999,352.40999999999997,2,3.0,129.01,6.5,1.0,0.5,2,296,0.0,0.5,0.0,0.0,0.5,0.5,0.5,0.0,0.0,0.0,0.0,0.0,0.0,0.0,0.0,0.5,0.5,5
C91201,93.0,93.0,1,2.0,46.5,7.0,1.0,1.0,1,488,1.0,0.0,0.0,0.0,0.0,0.0,0.0,1.0,0.0,0.0,0.0,1.0,0.0,0.0,0.0,0.0,0.0,4
C91245,675.33,675.33,1,3.0,225.11,4.0,1.0,0.0,1,264,1.0,0.0,0.0,0.0,0.0,0.0,1.0,0.0,0.0,0.0,0.0,0.0,0.0,0.0,0.0,0.0,1.0,3
C91255,851.1,851.1,1,5.0,170.22,8.0,0.0,0.0,1,442,0.0,0.0,1.0,0.0,0.0,0.0,0.0,0.0,0.0,1.0,1.0,0.0,0.0,0.0,0.0,0.0,0.0,0
C91454,557.76,557.76,1,2.0,278.88,3.0,1.0,0.0,1,891,0.0,0.0,1.0,0.0,0.0,0.0,0.0,0.0,0.0,1.0,0.0,0.0,0.0,0.0,0.0,1.0,0.0,7
C91486,268.32,268.32,1,4.0,67.08,8.0,1.0,1.0,1,681,1.0,0.0,0.0,0.0,0.0,0.0,0.0,1.0,0.0,0.0,0.0,0.0,0.0,0.0,0.0,0.0,1.0,3
C91518,759.15,759.15,1,3.0,253.05,3.0,0.0,0.0,1,309,0.0,0.0,0.0,0.0,1.0,0.0,0.0,0.0,1.0,0.0,0.0,0.0,0.0,0.0,0.0,0.0,1.0,3
C91582,1949.79,1949.79,1,3.0,649.93,7.0,1.0,0.0,1,871,0.0,1.0,0.0,0.0,0.0,0.0,1.0,0.0,0.0,0.0,0.0,0.0,0.0,0.0,0.0,1.0,0.0,2
C91591,2609.92,2609.92,1,4.0,652.48,5.0,1.0,0.0,1,44,1.0,0.0,0.0,0.0,0.0,0.0,0.0,0.0,1.0,0.0,0.0,1.0,0.0,0.0,0.0,0.0,0.0,2
C91805,1819.23,1819.23,1,3.0,606.41,7.0,1.0,1.0,1,750,0.0,0.0,1.0,0.0,0.0,0.0,1.0,0.0,0.0,0.0,0.0,1.0,0.0,0.0,0.0,0.0,0.0,4
C91941,1188.0,1188.0,1,3.0,396.0,4.0,1.0,1.0,1,746,0.0,0.0,0.0,1.0,0.0,0.0,0.0,0.0,1.0,0.0,0.0,0.0,0.0,0.0,0.0,1.0,0.0,7
C92049,2666.08,2666.08,1,4.0,666.52,8.0,1.0,0.0,1,638,1.0,0.0,0.0,0.0,0.0,1.0,0.0,0.0,0.0,0.0,0.0,0.0,0.0,0.0,0.0,1.0,0.0,2
C92086,749.2,749.2,1,2.0,374.6,3.0,1.0,0.0,1,144,0.0,0.0,0.0,0.0,1.0,0.0,0.0,0.0,0.0,1.0,0.0,0.0,0.0,0.0,0.0,1.0,0.0,7
C92180,977.8,977.8,1,2.0,488.9,7.0,1.0,0.0,1,609,1.0,0.0,0.0,0.0,0.0,0.0,1.0,0.0,0.0,0.0,1.0,0.0,0.0,0.0,0.0,0.0,0.0,0
C92294,1225.4,1225.4,1,4.0,306.35,7.0,1.0,0.0,1,275,0.0,0.0,0.0,1.0,0.0,0.0,0.0,0.0,0.0,1.0,1.0,0.0,0.0,0.0,0.0,0.0,0.0,0
C92407,1672.23,1672.23,1,3.0,557.41,4.0,0.0,0.0,1,731,0.0,0.0,0.0,0.0,1.0,1.0,0.0,0.0,0.0,0.0,0.0,0.0,1.0,0.0,0.0,0.0,0.0,1
C92548,1132.25,1132.25,1,5.0,226.45,6.0,1.0,1.0,1,513,0.0,0.0,1.0,0.0,0.0,1.0,0.0,0.0,0.0,0.0,0.0,0.0,0.0,0.0,0.0,0.0,1.0,3
C92575,2464.7,2464.7,1,5.0,492.94,10.0,1.0,0.0,1,274,1.0,0.0,0.0,0.0,0.0,1.0,0.0,0.0,0.0,0.0,1.0,0.0,0.0,0.0,0.0,0.0,0.0,2
C92788,243.71,243.71,1,1.0,243.71,6.0,1.0,0.0,1,346,0.0,0.0,0.0,1.0,0.0,0.0,0.0,1.0,0.0,0.0,0.0,1.0,0.0,0.0,0.0,0.0,0.0,4
C93007,465.66,465.66,1,2.0,232.83,7.0,0.0,0.0,1,395,0.0,0.0,0.0,1.0,0.0,0.0,0.0,0.0,1.0,0.0,0.0,0.0,0.0,0.0,1.0,0.0,0.0,6
C93175,58.76,58.76,1,4.0,14.69,9.0,0.0,1.0,1,47,1.0,0.0,0.0,0.0,0.0,1.0,0.0,0.0,0.0,0.0,0.0,0.0,0.0,1.0,0.0,0.0,0.0,8
C93220,730.34,730.34,1,2.0,365.17,4.0,1.0,1.0,1,607,0.0,0.0,0.0,0.0,1.0,0.0,1.0,0.0,0.0,0.0,0.0,0.0,0.0,1.0,0.0,0.0,0.0,8
C93276,1652.25,1652.25,1,5.0,330.45,10.0,1.0,0.0,1,835,0.0,0.0,0.0,1.0,0.0,0.0,0.0,1.0,0.0,0.0,0.0,1.0,0.0,0.0,0.0,0.0,0.0,4
C93309,1821.4,1821.4,1,5.0,364.28,5.0,1.0,1.0,1,84,0.0,1.0,0.0,0.0,0.0,0.0,0.0,1.0,0.0,0.0,0.0,1.0,0.0,0.0,0.0,0.0,0.0,4
C93375,446.16,446.16,1,3.0,148.72,7.0,1.0,1.0,1,339,0.0,0.0,1.0,0.0,0.0,0.0,0.0,1.0,0.0,0.0,1.0,0.0,0.0,0.0,0.0,0.0,0.0,0
C93379,128.85,128.85,1,3.0,42.95,8.0,1.0,1.0,1,818,0.0,0.0,0.0,1.0,0.0,1.0,0.0,0.0,0.0,0.0,0.0,1.0,0.0,0.0,0.0,0.0,0.0,4
C93467,2219.32,2219.32,1,4.0,554.83,6.0,0.0,1.0,1,406,1.0,0.0,0.0,0.0,0.0,0.0,0.0,1.0,0.0,0.0,0.0,0.0,1.0,0.0,0.0,0.0,0.0,1
C93473,3196.85,3196.85,1,5.0,639.37,6.0,1.0,0.0,1,494,0.0,0.0,1.0,0.0,0.0,0.0,0.0,1.0,0.0,0.0,0.0,0.0,0.0,0.0,0.0,0.0,1.0,2
C93618,603.63,603.63,1,3.0,201.21,3.0,1.0,1.0,1,109,0.0,0.0,0.0,0.0,1.0,0.0,0.0,1.0,0.0,0.0,0.0,0.0,0.0,0.0,0.0,1.0,0.0,7
C93768,972.9,972.9,1,3.0,324.3,8.0,1.0,0.0,1,411,0.0,0.0,1.0,0.0,0.0,1.0,0.0,0.0,0.0,0.0,0.0,0.0,0.0,0.0,0.0,0.0,1.0,3
C93821,1075.44,1075.44,1,3.0,358.48,7.0,1.0,0.0,1,208,0.0,0.0,0.0,1.0,0.0,0.0,1.0,0.0,0.0,0.0,1.0,0.0,0.0,0.0,0.0,0.0,0.0,0
C93861,147.42,147.42,1,3.0,49.14,7.0,1.0,1.0,1,500,0.0,0.0,0.0,0.0,1.0,1.0,0.0,0.0,0.0,0.0,0.0,0.0,0.0,1.0,0.0,0.0,0.0,8
C93948,336.87,336.87,1,3.0,112.29,6.0,0.0,0.0,1,250,0.0,0.0,0.0,1.0,0.0,0.0,0.0,1.0,0.0,0.0,0.0,0.0,0.0,0.0,0.0,1.0,0.0,7
C94037,510.28,510.28,1,2.0,255.14,2.0,0.0,0.0,1,7,1.0,0.0,0.0,0.0,0.0,0.0,0.0,1.0,0.0,0.0,0.0,0.0,0.0,0.0,1.0,0.0,0.0,6
C94248,64.66,64.66,1,1.0,64.66,4.0,0.0,0.0,1,136,0.0,0.0,1.0,0.0,0.0,0.0,0.0,0.0,1.0,0.0,0.0,0.0,1.0,0.0,0.0,0.0,0.0,1
C94257,1394.38,1394.38,1,2.0,697.19,7.0,1.0,1.0,1,698,1.0,0.0,0.0,0.0,0.0,1.0,0.0,0.0,0.0,0.0,0.0,0.0,0.0,0.0,0.0,1.0,0.0,7
C94311,2740.8,2740.8,1,4.0,685.2,6.0,1.0,1.0,1,346,0.0,0.0,0.0,1.0,0.0,0.0,0.0,1.0,0.0,0.0,0.0,0.0,0.0,0.0,0.0,1.0,0.0,2
C94323,379.05,379.05,1,5.0,75.81,10.0,1.0,1.0,1,1,0.0,0.0,0.0,1.0,0.0,0.0,0.0,0.0,1.0,0.0,1.0,0.0,0.0,0.0,0.0,0.0,0.0,0
C94381,1216.08,1216.08,1,2.0,608.04,4.0,0.0,1.0,1,884,1.0,0.0,0.0,0.0,0.0,0.0,0.0,1.0,0.0,0.0,1.0,0.0,0.0,0.0,0.0,0.0,0.0,0
C94479,314.05,314.05,1,5.0,62.81,9.0,1.0,0.0,1,736,0.0,1.0,0.0,0.0,0.0,0.0,1.0,0.0,0.0,0.0,0.0,1.0,0.0,0.0,0.0,0.0,0.0,4
C94508,176.28,176.28,1,4.0,44.07,6.0,0.0,0.0,1,368,0.0,0.0,1.0,0.0,0.0,1.0,0.0,0.0,0.0,0.0,0.0,0.0,0.0,1.0,0.0,0.0,0.0,8
C94568,1939.4,1939.4,1,4.0,484.85,5.0,1.0,0.0,1,800,0.0,0.0,1.0,0.0,0.0,0.0,0.0,0.0,0.0,1.0,0.0,0.0,1.0,0.0,0.0,0.0,0.0,1
C94569,1675.3500000000001,837.6750000000001,2,1.5,540.64,2.5,0.5,0.5,1,375,0.5,0.0,0.0,0.5,0.0,0.0,0.0,0.5,0.0,0.5,0.0,0.0,0.0,0.0,1.0,0.0,0.0,6
C94595,247.64,247.64,1,4.0,61.91,6.0,1.0,0.0,1,563,0.0,0.0,0.0,1.0,0.0,1.0,0.0,0.0,0.0,0.0,0.0,1.0,0.0,0.0,0.0,0.0,0.0,4
C94658,886.44,886.44,1,2.0,443.22,5.0,0.0,0.0,1,285,0.0,1.0,0.0,0.0,0.0,0.0,1.0,0.0,0.0,0.0,0.0,0.0,0.0,0.0,0.0,1.0,0.0,7
C94671,167.15,167.15,1,1.0,167.15,5.0,1.0,0.0,1,281,0.0,0.0,0.0,1.0,0.0,1.0,0.0,0.0,0.0,0.0,0.0,0.0,0.0,0.0,0.0,0.0,1.0,3
C94698,586.62,586.62,1,1.0,586.62,5.0,0.0,0.0,1,393,0.0,0.0,1.0,0.0,0.0,0.0,1.0,0.0,0.0,0.0,0.0,0.0,0.0,0.0,1.0,0.0,0.0,6
C94921,438.2,438.2,1,2.0,219.1,4.0,1.0,0.0,1,784,0.0,0.0,0.0,0.0,1.0,0.0,0.0,0.0,0.0,1.0,0.0,0.0,0.0,0.0,0.0,1.0,0.0,7
C95100,627.2,627.2,1,1.0,627.2,1.0,1.0,0.0,1,489,0.0,0.0,0.0,0.0,1.0,1.0,0.0,0.0,0.0,0.0,0.0,0.0,0.0,0.0,1.0,0.0,0.0,6
C95213,1806.72,1806.72,1,3.0,602.24,8.0,0.0,0.0,1,872,0.0,0.0,1.0,0.0,0.0,0.0,0.0,0.0,0.0,1.0,0.0,0.0,0.0,0.0,0.0,1.0,0.0,7
C95269,389.7,389.7,1,2.0,194.85,5.0,0.0,1.0,1,842,0.0,0.0,0.0,1.0,0.0,0.0,0.0,0.0,0.0,1.0,1.0,0.0,0.0,0.0,0.0,0.0,0.0,0
C95271,927.66,927.66,1,3.0,309.22,7.0,1.0,1.0,1,55,0.0,0.0,0.0,0.0,1.0,0.0,0.0,1.0,0.0,0.0,0.0,1.0,0.0,0.0,0.0,0.0,0.0,4
C95568,973.41,973.41,1,3.0,324.47,4.0,1.0,0.0,1,701,1.0,0.0,0.0,0.0,0.0,1.0,0.0,0.0,0.0,0.0,1.0,0.0,0.0,0.0,0.0,0.0,0.0,0
C95623,1870.02,1870.02,1,3.0,623.34,3.0,1.0,1.0,1,117,0.0,0.0,0.0,0.0,1.0,0.0,0.0,0.0,1.0,0.0,0.0,0.0,0.0,0.0,0.0,0.0,1.0,3
C95643,2426.28,2426.28,1,4.0,606.57,5.0,1.0,0.0,1,753,0.0,0.0,1.0,0.0,0.0,0.0,0.0,0.0,0.0,1.0,0.0,1.0,0.0,0.0,0.0,0.0,0.0,2
C95667,463.08,463.08,1,4.0,115.77,7.0,1.0,0.0,1,223,0.0,0.0,0.0,0.0,1.0,0.0,0.0,0.0,1.0,0.0,0.0,0.0,1.0,0.0,0.0,0.0,0.0,1
C95856,1279.76,1279.76,1,2.0,639.88,5.0,1.0,0.0,1,768,1.0,0.0,0.0,0.0,0.0,0.0,0.0,0.0,1.0,0.0,0.0,0.0,0.0,0.0,0.0,0.0,1.0,3
C95901,1993.38,1993.38,1,3.0,664.46,4.0,1.0,0.0,1,464,0.0,0.0,0.0,0.0,1.0,0.0,0.0,1.0,0.0,0.0,0.0,0.0,0.0,0.0,1.0,0.0,0.0,6
C95984,1033.2,1033.2,1,3.0,344.4,3.0,0.0,1.0,1,7,0.0,0.0,0.0,0.0,1.0,0.0,1.0,0.0,0.0,0.0,0.0,0.0,0.0,0.0,0.0,1.0,0.0,7
C96034,121.08,121.08,1,4.0,30.27,9.0,1.0,0.0,1,759,0.0,0.0,0.0,0.0,1.0,0.0,0.0,1.0,0.0,0.0,0.0,1.0,0.0,0.0,0.0,0.0,0.0,4
C96136,1946.1,1946.1,1,5.0,389.22,7.0,0.0,1.0,1,318,1.0,0.0,0.0,0.0,0.0,0.0,0.0,0.0,0.0,1.0,0.0,0.0,0.0,0.0,0.0,0.0,1.0,3
C96257,1803.0,1803.0,1,4.0,450.75,6.0,1.0,0.0,1,826,0.0,1.0,0.0,0.0,0.0,1.0,0.0,0.0,0.0,0.0,0.0,0.0,0.0,0.0,0.0,0.0,1.0,3
C96261,970.74,970.74,1,2.0,485.37,5.0,1.0,0.0,1,27,0.0,1.0,0.0,0.0,0.0,1.0,0.0,0.0,0.0,0.0,0.0,0.0,0.0,0.0,1.0,0.0,0.0,6
C96283,924.03,924.03,1,3.0,308.01,3.0,1.0,0.0,1,708,1.0,0.0,0.0,0.0,0.0,0.0,1.0,0.0,0.0,0.0,0.0,1.0,0.0,0.0,0.0,0.0,0.0,4
C96434,2536.2,2536.2,1,4.0,634.05,6.0,1.0,0.0,1,31,1.0,0.0,0.0,0.0,0.0,0.0,0.0,1.0,0.0,0.0,0.0,0.0,0.0,0.0,0.0,1.0,0.0,2
C96494,179.22,179.22,1,1.0,179.22,6.0,1.0,1.0,1,701,0.0,0.0,0.0,0.0,1.0,0.0,0.0,0.0,1.0,0.0,0.0,0.0,0.0,0.0,0.0,0.0,1.0,3
C96583,139.36,139.36,1,4.0,34.84,8.0,0.0,0.0,1,282,0.0,1.0,0.0,0.0,0.0,1.0,0.0,0.0,0.0,0.0,0.0,0.0,0.0,0.0,0.0,1.0,0.0,7
C96595,1719.66,1719.66,1,3.0,573.22,5.0,1.0,0.0,1,634,0.0,0.0,1.0,0.0,0.0,1.0,0.0,0.0,0.0,0.0,1.0,0.0,0.0,0.0,0.0,0.0,0.0,0
C96636,39.56,39.56,1,1.0,39.56,5.0,0.0,1.0,1,133,0.0,0.0,1.0,0.0,0.0,0.0,0.0,1.0,0.0,0.0,0.0,1.0,0.0,0.0,0.0,0.0,0.0,4
C96664,769.38,769.38,1,3.0,256.46,4.0,1.0,0.0,1,124,0.0,1.0,0.0,0.0,0.0,0.0,0.0,0.0,0.0,1.0,0.0,0.0,0.0,0.0,0.0,1.0,0.0,7
C96695,564.86,564.86,1,1.0,564.86,6.0,1.0,0.0,1,149,0.0,0.0,1.0,0.0,0.0,0.0,0.0,0.0,0.0,1.0,1.0,0.0,0.0,0.0,0.0,0.0,0.0,0
C96787,1066.04,1066.04,1,2.0,533.02,2.0,0.0,0.0,1,442,0.0,0.0,0.0,1.0,0.0,0.0,1.0,0.0,0.0,0.0,0.0,0.0,1.0,0.0,0.0,0.0,0.0,1
C96822,989.56,989.56,1,2.0,494.78,2.0,0.0,0.0,1,882,0.0,0.0,0.0,0.0,1.0,0.0,0.0,1.0,0.0,0.0,0.0,0.0,0.0,0.0,0.0,1.0,0.0,7
C97148,1135.16,1135.16,1,4.0,283.79,8.0,0.0,0.0,1,338,0.0,0.0,0.0,0.0,1.0,0.0,0.0,1.0,0.0,0.0,0.0,0.0,0.0,0.0,0.0,1.0,0.0,7
C97187,670.54,670.54,1,1.0,670.54,6.0,1.0,0.0,1,730,1.0,0.0,0.0,0.0,0.0,0.0,0.0,0.0,0.0,1.0,0.0,0.0,1.0,0.0,0.0,0.0,0.0,1
C97218,2300.7,2300.7,1,5.0,460.14,10.0,1.0,1.0,1,116,0.0,1.0,0.0,0.0,0.0,0.0,1.0,0.0,0.0,0.0,0.0,0.0,0.0,1.0,0.0,0.0,0.0,2
C97262,1724.04,1724.04,1,4.0,431.01,7.0,0.0,1.0,1,899,0.0,1.0,0.0,0.0,0.0,0.0,0.0,0.0,0.0,1.0,0.0,1.0,0.0,0.0,0.0,0.0,0.0,4
C97454,698.8,698.8,1,2.0,349.4,2.0,1.0,0.0,1,522,0.0,0.0,0.0,0.0,1.0,0.0,0.0,0.0,1.0,0.0,0.0,0.0,0.0,0.0,0.0,1.0,0.0,7
C97485,915.64,915.64,1,4.0,228.91,4.0,1.0,0.0,1,611,1.0,0.0,0.0,0.0,0.0,0.0,0.0,1.0,0.0,0.0,0.0,0.0,1.0,0.0,0.0,0.0,0.0,1
C97593,2855.2200000000003,1427.6100000000001,2,2.5,534.1800000000001,7.0,1.0,0.0,1,495,0.0,0.0,0.5,0.0,0.5,0.0,0.5,0.5,0.0,0.0,0.0,0.0,0.0,0.0,0.0,1.0,0.0,7
C97603,2373.08,2373.08,1,4.0,593.27,5.0,0.0,0.0,1,293,0.0,0.0,0.0,0.0,1.0,0.0,1.0,0.0,0.0,0.0,1.0,0.0,0.0,0.0,0.0,0.0,0.0,2
C97643,2051.0,2051.0,1,4.0,512.75,8.0,1.0,1.0,1,842,0.0,0.0,1.0,0.0,0.0,0.0,0.0,1.0,0.0,0.0,0.0,0.0,1.0,0.0,0.0,0.0,0.0,1
C97681,2166.3,2166.3,1,5.0,433.26,9.0,1.0,0.0,1,24,0.0,1.0,0.0,0.0,0.0,0.0,0.0,1.0,0.0,0.0,0.0,0.0,0.0,0.0,0.0,0.0,1.0,2
C97715,727.82,727.82,1,2.0,363.91,2.0,1.0,0.0,1,108,0.0,0.0,0.0,1.0,0.0,0.0,0.0,0.0,0.0,1.0,1.0,0.0,0.0,0.0,0.0,0.0,0.0,0
C97735,408.5,408.5,1,5.0,81.7,6.0,0.0,0.0,1,549,0.0,1.0,0.0,0.0,0.0,0.0,0.0,0.0,1.0,0.0,0.0,0.0,0.0,1.0,0.0,0.0,0.0,8
C97749,1026.06,1026.06,1,3.0,342.02,5.0,0.0,0.0,1,329,0.0,0.0,1.0,0.0,0.0,1.0,0.0,0.0,0.0,0.0,0.0,1.0,0.0,0.0,0.0,0.0,0.0,4
C97774,1807.88,1807.88,1,4.0,451.97,7.0,1.0,1.0,1,156,0.0,0.0,0.0,0.0,1.0,1.0,0.0,0.0,0.0,0.0,0.0,0.0,0.0,1.0,0.0,0.0,0.0,8
C97907,1758.63,1758.63,1,3.0,586.21,4.0,1.0,0.0,1,308,0.0,0.0,0.0,1.0,0.0,0.0,0.0,0.0,0.0,1.0,0.0,0.0,0.0,0.0,0.0,1.0,0.0,7
C98096,635.54,635.54,1,2.0,317.77,4.0,1.0,1.0,1,866,0.0,0.0,1.0,0.0,0.0,0.0,1.0,0.0,0.0,0.0,0.0,1.0,0.0,0.0,0.0,0.0,0.0,4
C98168,2103.5,2103.5,1,5.0,420.7,5.0,1.0,0.0,1,908,1.0,0.0,0.0,0.0,0.0,0.0,1.0,0.0,0.0,0.0,0.0,0.0,0.0,0.0,1.0,0.0,0.0,6
C98216,2463.75,2463.75,1,5.0,492.75,6.0,1.0,0.0,1,839,1.0,0.0,0.0,0.0,0.0,0.0,0.0,0.0,0.0,1.0,0.0,0.0,1.0,0.0,0.0,0.0,0.0,2
C98276,14.06,14.06,1,1.0,14.06,5.0,1.0,0.0,1,407,0.0,1.0,0.0,0.0,0.0,0.0,0.0,0.0,0.0,1.0,0.0,0.0,0.0,0.0,1.0,0.0,0.0,6
C98278,1241.49,1241.49,1,3.0,413.83,8.0,1.0,0.0,1,396,0.0,0.0,0.0,1.0,0.0,0.0,1.0,0.0,0.0,0.0,0.0,0.0,0.0,0.0,1.0,0.0,0.0,6
C98317,2786.84,2786.84,1,4.0,696.71,4.0,0.0,0.0,1,197,0.0,0.0,1.0,0.0,0.0,0.0,0.0,0.0,1.0,0.0,0.0,0.0,0.0,1.0,0.0,0.0,0.0,2
C98332,1316.67,1316.67,1,3.0,438.89,3.0,0.0,1.0,1,885,1.0,0.0,0.0,0.0,0.0,0.0,1.0,0.0,0.0,0.0,0.0,0.0,1.0,0.0,0.0,0.0,0.0,1
C98354,151.02,151.02,1,3.0,50.34,3.0,1.0,1.0,1,765,0.0,0.0,0.0,1.0,0.0,0.0,0.0,0.0,1.0,0.0,0.0,0.0,0.0,0.0,1.0,0.0,0.0,6
C98450,357.64,357.64,1,4.0,89.41,9.0,0.0,0.0,1,348,0.0,0.0,0.0,0.0,1.0,0.0,0.0,1.0,0.0,0.0,1.0,0.0,0.0,0.0,0.0,0.0,0.0,0
C98474,2175.34,1087.67,2,3.0,370.25,5.5,0.5,0.0,2,393,0.0,0.0,1.0,0.0,0.0,0.0,0.0,0.0,1.0,0.0,0.5,0.0,0.0,0.0,0.0,0.0,0.5,5
C98483,110.7,110.7,1,5.0,22.14,10.0,0.0,1.0,1,446,1.0,0.0,0.0,0.0,0.0,0.0,0.0,0.0,1.0,0.0,0.0,0.0,0.0,0.0,0.0,1.0,0.0,7
C98635,538.68,538.68,1,1.0,538.68,6.0,0.0,1.0,1,83,0.0,0.0,1.0,0.0,0.0,0.0,0.0,0.0,0.0,1.0,0.0,0.0,0.0,0.0,0.0,1.0,0.0,7
C98761,1994.04,1994.04,1,4.0,498.51,4.0,1.0,0.0,1,613,0.0,0.0,1.0,0.0,0.0,0.0,0.0,1.0,0.0,0.0,1.0,0.0,0.0,0.0,0.0,0.0,0.0,0
C99023,1371.8,1371.8,1,4.0,342.95,6.0,0.0,0.0,1,226,1.0,0.0,0.0,0.0,0.0,0.0,0.0,1.0,0.0,0.0,0.0,0.0,0.0,1.0,0.0,0.0,0.0,8
C99024,684.65,684.65,1,1.0,684.65,1.0,1.0,0.0,1,219,0.0,1.0,0.0,0.0,0.0,1.0,0.0,0.0,0.0,0.0,0.0,0.0,1.0,0.0,0.0,0.0,0.0,1
C99050,1201.14,1201.14,1,2.0,600.57,3.0,1.0,1.0,1,94,0.0,0.0,1.0,0.0,0.0,0.0,0.0,0.0,1.0,0.0,0.0,0.0,0.0,0.0,0.0,1.0,0.0,7
C99116,2746.44,2746.44,1,4.0,686.61,6.0,0.0,0.0,1,785,1.0,0.0,0.0,0.0,0.0,0.0,0.0,0.0,0.0,1.0,0.0,0.0,1.0,0.0,0.0,0.0,0.0,2
C99128,138.33,138.33,1,3.0,46.11,5.0,1.0,1.0,1,304,0.0,0.0,0.0,1.0,0.0,0.0,0.0,0.0,0.0,1.0,1.0,0.0,0.0,0.0,0.0,0.0,0.0,0
C99173,1070.52,1070.52,1,3.0,356.84,5.0,1.0,0.0,1,161,0.0,0.0,0.0,0.0,1.0,0.0,0.0,0.0,1.0,0.0,0.0,0.0,0.0,0.0,0.0,1.0,0.0,7
C99205,1024.66,1024.66,1,2.0,512.33,7.0,0.0,1.0,1,3,1.0,0.0,0.0,0.0,0.0,0.0,1.0,0.0,0.0,0.0,0.0,0.0,0.0,0.0,1.0,0.0,0.0,6
C99214,97.86,97.86,1,3.0,32.62,6.0,0.0,0.0,1,9,0.0,0.0,1.0,0.0,0.0,0.0,1.0,0.0,0.0,0.0,1.0,0.0,0.0,0.0,0.0,0.0,0.0,0
C99217,1435.65,1435.65,1,5.0,287.13,10.0,1.0,0.0,1,578,0.0,0.0,0.0,0.0,1.0,1.0,0.0,0.0,0.0,0.0,0.0,0.0,0.0,0.0,0.0,0.0,1.0,3
C99271,226.58,226.58,1,2.0,113.29,5.0,1.0,0.0,1,591,1.0,0.0,0.0,0.0,0.0,0.0,1.0,0.0,0.0,0.0,0.0,0.0,0.0,1.0,0.0,0.0,0.0,8
C99533,678.01,678.01,1,1.0,678.01,4.0,1.0,0.0,1,833,1.0,0.0,0.0,0.0,0.0,0.0,0.0,0.0,0.0,1.0,0.0,0.0,0.0,1.0,0.0,0.0,0.0,8
C99589,641.39,641.39,1,1.0,641.39,1.0,0.0,1.0,1,7,0.0,0.0,0.0,0.0,1.0,0.0,0.0,0.0,0.0,1.0,0.0,0.0,0.0,0.0,0.0,0.0,1.0,3
C99683,1663.2,1663.2,1,5.0,332.64,10.0,0.0,0.0,1,159,0.0,0.0,0.0,1.0,0.0,0.0,0.0,0.0,0.0,1.0,0.0,0.0,0.0,1.0,0.0,0.0,0.0,8
C99775,1654.84,1654.84,1,4.0,413.71,9.0,1.0,1.0,1,665,0.0,0.0,0.0,1.0,0.0,0.0,1.0,0.0,0.0,0.0,0.0,0.0,1.0,0.0,0.0,0.0,0.0,1
C99879,821.88,821.88,1,3.0,273.96,8.0,1.0,1.0,1,475,0.0,0.0,1.0,0.0,0.0,0.0,0.0,1.0,0.0,0.0,0.0,0.0,0.0,0.0,1.0,0.0,0.0,6
C99904,646.74,646.74,1,2.0,323.37,3.0,1.0,0.0,1,69,0.0,0.0,0.0,0.0,1.0,0.0,0.0,0.0,1.0,0.0,0.0,0.0,0.0,0.0,0.0,1.0,0.0,7
